[2026-08-31T10:44:42.327] [DEBUG] debug-file - env: nodejsVersion=v24.14.1
[2026-08-31T10:45:17.289] [DEBUG] debug-file - Starting plugin build process
[2026-08-31T10:44:46.528] [DEBUG] debug-file - Hvigor init with startParameters:{
  hvigorfileTypeCheck: false,
  parallelExecution: true,
  incrementalExecution: true,
  printStackTrace: false,
  daemon: false,
  analyze: 0,
  logLevel: Level { level: 20000, levelStr: 'INFO', colour: 'green' },
  optimizationStrategy: 'memory',
  hotCompile: undefined,
  hotReloadBuild: undefined,
  customizedParam: undefined
}
[2026-08-31T10:45:17.284] [DEBUG] debug-file - hvigorfile, require result:  { default: { system: [Function: appTasks], plugins: [] } }
[2026-08-31T10:45:17.433] [DEBUG] debug-file - Start initialize project's product build option map with build mode debug.
[2026-08-31T10:45:17.429] [DEBUG] debug-file - App plugin register hook start...
[2026-08-31T10:45:17.445] [DEBUG] debug-file - Obtain build option for product 'default'in this build.
[2026-08-31T10:45:17.470] [DEBUG] debug-file - Start recording SDK configuration permission data.
[2026-08-31T10:45:17.510] [DEBUG] debug-file - Project task initialization takes 18 ms 
[2026-08-31T10:45:17.522] [DEBUG] debug-file - failed to load cangjie to dynamically generate schemas: Error: Cannot find module '@ohos/cangjie-build-support/index'
Require stack:
- C:\Program Files\Huawei\DevEco Studio\tools\hvigor\hvigor-ohos-plugin\src\plugin\hooks\cangjie-register.js
- C:\Program Files\Huawei\DevEco Studio\tools\hvigor\hvigor-ohos-plugin\src\plugin\strategy\stage-init-strategy.js
- C:\Program Files\Huawei\DevEco Studio\tools\hvigor\hvigor-ohos-plugin\src\plugin\builder\abstract-plugin-builder.js
- C:\Program Files\Huawei\DevEco Studio\tools\hvigor\hvigor-ohos-plugin\src\plugin\builder\app-plugin-builder.js
- C:\Program Files\Huawei\DevEco Studio\tools\hvigor\hvigor-ohos-plugin\src\plugin\factory\plugin-factory.js
- C:\Program Files\Huawei\DevEco Studio\tools\hvigor\hvigor-ohos-plugin\index.js
- E:\iKnow\iKnow-master\hvigorfile.ts
- C:\Program Files\Huawei\DevEco Studio\tools\hvigor\hvigor\src\base\internal\lifecycle\configuration.js
- C:\Program Files\Huawei\DevEco Studio\tools\hvigor\hvigor\src\base\boot\index.js
- C:\Program Files\Huawei\DevEco Studio\tools\hvigor\hvigor\src\cli\main\cli.js
- C:\Program Files\Huawei\DevEco Studio\tools\hvigor\hvigor\bin\hvigor.js
[2026-08-31T10:45:17.537] [DEBUG] debug-file - Start initialize module-target build option map, moduleName=entry, buildMode=debug
[2026-08-31T10:45:17.544] [DEBUG] debug-file - project has submodules:entry
[2026-08-31T10:44:42.329] [DEBUG] debug-file - env: hvigor-config.json5 content = {
  modelVersion: '5.0.0',
  dependencies: {},
  execution: {},
  logging: {},
  debugging: {},
  nodeOptions: {}
}
[2026-08-31T10:45:17.550] [DEBUG] debug-file - start to load updatedOhPackageInfo to the disk
[2026-08-31T10:45:17.701] [DEBUG] debug-file - Start to initialize dependency information.
[2026-08-31T10:45:17.726] [DEBUG] debug-file - entry : clean cost memory 0.12339019775390625
[2026-08-31T10:45:17.289] [DEBUG] debug-file - App plugin prepare start...
[2026-08-31T10:44:46.528] [DEBUG] debug-file - Since current hvigor version 6.26.1 differs from last hvigor version 
      undefined, delete file-cache.json and task-cache.json.
[2026-08-31T10:45:17.284] [DEBUG] debug-file - hvigorfile, binding system plugins [Function: appTasks]
[2026-08-31T10:45:17.433] [DEBUG] debug-file - Picking option from product 'default' with build mode 'debug'.
[2026-08-31T10:45:17.429] [DEBUG] debug-file - App plugin register hook end...
[2026-08-31T10:45:17.448] [DEBUG] debug-file - not found resModel json file in : E:\iKnow\iKnow-master\entry\src\ohosTest\module.json5
[2026-08-31T10:45:17.489] [DEBUG] debug-file - Sdk init in 33 ms 
[2026-08-31T10:45:17.510] [DEBUG] debug-file - hvigorfile, begin to bind custom plugins...
[2026-08-31T10:45:17.537] [DEBUG] debug-file - Target 'default' config initialized
[2026-08-31T10:45:17.878] [DEBUG] debug-file - Create  resident worker with id: 0.
[2026-08-31T10:44:42.330] [DEBUG] debug-file - env: daemon=false
[2026-08-31T10:45:17.673] [DEBUG] debug-file - load to the disk finished
[2026-08-31T10:45:17.718] [DEBUG] debug-file - Module entry Collected Dependency: 
[2026-08-31T10:45:17.726] [DEBUG] debug-file - runTaskFromQueue task cost before running: 31 s 222 ms 
[2026-08-31T10:44:46.528] [DEBUG] debug-file - Cache service initialization finished in 1 ms 
[2026-08-31T10:45:17.289] [DEBUG] debug-file - App plugin prepare end...
[2026-08-31T10:45:17.433] [DEBUG] debug-file - Product 'default' build option initialized
[2026-08-31T10:45:17.429] [DEBUG] debug-file - Plugin build process completed
[2026-08-31T10:45:17.454] [DEBUG] debug-file - No signingConfig found, initRemoteHspCache failed.
[2026-08-31T10:45:17.510] [DEBUG] debug-file - hvigorfile, no custom plugins were found in E:\iKnow\iKnow-master\hvigorfile.ts
[2026-08-31T10:45:17.537] [DEBUG] debug-file - Target 'ohosTest' config initialized
[2026-08-31T10:45:17.880] [DEBUG] debug-file - Create  resident worker with id: 1.
[2026-08-31T10:44:42.330] [DEBUG] debug-file - no-daemon, use the parent process.execArgv --max-old-space-size=8192,--max-semi-space-size=16,--expose-gc
[2026-08-31T10:45:17.690] [DEBUG] debug-file - Start to initialize dependency information.
[2026-08-31T10:45:17.718] [DEBUG] debug-file - Module entry's total dependency: 0
[2026-08-31T10:45:17.727] [INFO] debug-file - Finished :entry:clean... after 5 ms 
[2026-08-31T10:44:46.530] [DEBUG] debug-file - hvigorfile, resolving E:\iKnow\iKnow-master\hvigorfile.ts
[2026-08-31T10:45:17.433] [DEBUG] debug-file - End initialize project's product build option map with build mode 'debug'.
[2026-08-31T10:45:17.289] [DEBUG] debug-file - App plugin creating...
[2026-08-31T10:45:17.458] [DEBUG] debug-file - Local scan or download HarmonyOS sdk components toolchains,ets,js,native,previewer
[2026-08-31T10:45:17.537] [DEBUG] debug-file - Module 'entry' target 'default' build option initialized
[2026-08-31T10:45:17.510] [DEBUG] debug-file - hvigorfile, resolve finished E:\iKnow\iKnow-master\hvigorfile.ts
[2026-08-31T10:45:17.881] [DEBUG] debug-file - Current worker pool is stopped or closed.
[2026-08-31T10:45:17.697] [DEBUG] debug-file - Module iKnow-master Collected Dependency: 
[2026-08-31T10:45:17.720] [DEBUG] debug-file - Configuration phase cost:31 s 192 ms 
[2026-08-31T10:45:17.727] [DEBUG] debug-file - Executing task ::clean
[2026-08-31T10:45:17.537] [DEBUG] debug-file - Module 'entry' target 'ohosTest' build option initialized
[2026-08-31T10:45:17.461] [DEBUG] debug-file - Local scan or download hmscore sdk components toolchains,ets,native
[2026-08-31T10:45:17.511] [DEBUG] debug-file - hvigorfile, resolving E:\iKnow\iKnow-master\entry\hvigorfile.ts
[2026-08-31T10:45:17.881] [DEBUG] debug-file - Clear worker 0.
[2026-08-31T10:45:17.697] [DEBUG] debug-file - Module iKnow-master's total dependency: 0
[2026-08-31T10:45:17.722] [DEBUG] debug-file - Configuration task cost before running: 31 s 217 ms 
[2026-08-31T10:45:17.727] [DEBUG] debug-file - clean: Worker pool is inactive.
[2026-08-31T10:45:17.537] [DEBUG] debug-file - End initialize module-target build option map, moduleName=entry
[2026-08-31T10:45:17.519] [DEBUG] debug-file - hvigorfile, require result:  { default: { system: [Function: hapTasks], plugins: [] } }
[2026-08-31T10:45:17.881] [DEBUG] debug-file - Worker 0 has been cleared.
[2026-08-31T10:45:17.722] [DEBUG] debug-file - Executing task :entry:clean
[2026-08-31T10:45:17.727] [DEBUG] debug-file - iKnow-master : clean cost memory 0.019989013671875
[2026-08-31T10:45:17.538] [DEBUG] debug-file - Start initialize module-target build option map, moduleName=entry, buildMode=release
[2026-08-31T10:45:17.519] [DEBUG] debug-file - hvigorfile, binding system plugins [Function: hapTasks]
[2026-08-31T10:45:17.881] [DEBUG] debug-file - Current idle worker size: 1.
[2026-08-31T10:45:17.722] [DEBUG] debug-file - clean: Worker pool is inactive.
[2026-08-31T10:45:17.727] [DEBUG] debug-file - runTaskFromQueue task cost before running: 31 s 223 ms 
[2026-08-31T10:45:17.538] [DEBUG] debug-file - Target 'default' config initialized
[2026-08-31T10:45:17.519] [DEBUG] debug-file - Starting plugin build process
[2026-08-31T10:45:17.881] [DEBUG] debug-file - Current busy worker size: 0.
[2026-08-31T10:45:17.727] [INFO] debug-file - Finished ::clean... after 1 ms 
[2026-08-31T10:45:17.519] [DEBUG] debug-file - Hap plugin creating...
[2026-08-31T10:45:17.538] [DEBUG] debug-file - Target 'ohosTest' config initialized
[2026-08-31T10:45:17.881] [DEBUG] debug-file - Clear worker 1.
[2026-08-31T10:45:17.727] [DEBUG] debug-file - Executing task :entry:init
[2026-08-31T10:45:17.538] [DEBUG] debug-file - Module 'entry' target 'default' build option initialized
[2026-08-31T10:45:17.881] [DEBUG] debug-file - Worker 1 has been cleared.
[2026-08-31T10:45:17.727] [DEBUG] debug-file - entry : init cost memory 0.01552581787109375
[2026-08-31T10:45:17.881] [DEBUG] debug-file - Current idle worker size: 0.
[2026-08-31T10:45:17.538] [DEBUG] debug-file - Module 'entry' target 'ohosTest' build option initialized
[2026-08-31T10:45:17.727] [DEBUG] debug-file - runTaskFromQueue task cost before running: 31 s 223 ms 
[2026-08-31T10:45:17.881] [DEBUG] debug-file - Current busy worker size: 0.
[2026-08-31T10:45:17.538] [DEBUG] debug-file - End initialize module-target build option map, moduleName=entry
[2026-08-31T10:45:17.728] [INFO] debug-file - Finished :entry:init... after 1 ms 
[2026-08-31T10:45:17.894] [DEBUG] debug-file - hvigor build process will be closed.
[2026-08-31T10:45:17.538] [DEBUG] debug-file - Start initialize module-target build option map, moduleName=entry, buildMode=debug
[2026-08-31T10:45:17.728] [DEBUG] debug-file - Executing task ::init
[2026-08-31T10:45:17.538] [DEBUG] debug-file - Target 'default' config initialized
[2026-08-31T10:45:17.895] [DEBUG] debug-file - worker[1] exits with exit code 0.
[2026-08-31T10:45:17.728] [DEBUG] debug-file - iKnow-master : init cost memory 0.01222991943359375
[2026-08-31T10:45:17.538] [DEBUG] debug-file - Target 'ohosTest' config initialized
[2026-08-31T10:45:17.895] [DEBUG] debug-file - worker[0] exits with exit code 0.
[2026-08-31T10:45:17.728] [DEBUG] debug-file - runTaskFromQueue task cost before running: 31 s 223 ms 
[2026-08-31T10:45:17.538] [DEBUG] debug-file - Module 'entry' target 'default' build option initialized
[2026-08-31T10:45:17.896] [DEBUG] debug-file - Current worker pool is terminated.
[2026-08-31T10:45:17.728] [INFO] debug-file - Finished ::init... after 1 ms 
[2026-08-31T10:45:17.538] [DEBUG] debug-file - Module 'entry' target 'ohosTest' build option initialized
[2026-08-31T10:45:17.538] [DEBUG] debug-file - End initialize module-target build option map, moduleName=entry
[2026-08-31T10:45:17.729] [DEBUG] debug-file - Obtain build option for module 'entry' target 'default'in this build.
[2026-08-31T10:45:17.729] [DEBUG] debug-file - Obtain build option for module 'entry' target 'ohosTest'in this build.
[2026-08-31T10:45:17.538] [DEBUG] debug-file - Obtain build option for module 'entry' target 'default'in this build.
[2026-08-31T10:45:17.541] [DEBUG] debug-file - Module entry task initialization takes 3 ms 
[2026-08-31T10:45:17.859] [DEBUG] debug-file - Since there is no instance or instance is terminated, create a new worker pool.
[2026-08-31T10:45:17.541] [DEBUG] debug-file - Hap plugin register hook start...
[2026-08-31T10:45:17.859] [DEBUG] debug-file - Worker pool is initialized with config:  {
  minPoolNum: 2,
  maxPoolNum: undefined,
  maxCoreSize: undefined,
  cacheCapacity: undefined,
  cacheTtl: undefined
}
[2026-08-31T10:45:17.541] [DEBUG] debug-file - Hap plugin register hook end...
[2026-08-31T10:45:17.541] [DEBUG] debug-file - Plugin build process completed
[2026-08-31T10:45:17.541] [DEBUG] debug-file - hvigorfile, begin to bind custom plugins...
[2026-08-31T10:45:17.541] [DEBUG] debug-file - hvigorfile, no custom plugins were found in E:\iKnow\iKnow-master\entry\hvigorfile.ts
[2026-08-31T10:45:17.541] [DEBUG] debug-file - hvigorfile, resolve finished E:\iKnow\iKnow-master\entry\hvigorfile.ts
[2026-09-06T22:43:54.448] [DEBUG] debug-file - hvigor java daemon: Starting java daemon. jvmXmxValue=512m, jarPath=C:\Program Files\Huawei\DevEco Studio\tools\hvigor\hvigor\lib\hvigor-java-daemon.jar
[2026-09-06T22:43:54.450] [DEBUG] debug-file - hvigor java daemon: Read cache file, 
    port=45050, pid=9876, sessionId exists=true
[2026-09-06T22:43:54.469] [DEBUG] debug-file - hvigor java daemon: tryConnect failed, Error: connect ECONNREFUSED 127.0.0.1:45050, will start new daemon
[2026-09-06T22:43:54.512] [DEBUG] debug-file - java daemon started at port 45050 pid 28596
[2026-09-06T22:43:52.027] [DEBUG] debug-file - env: nodejsVersion=v24.14.1
[2026-09-06T22:43:52.156] [DEBUG] debug-file - env: daemon=true
[2026-09-06T22:43:52.031] [DEBUG] debug-file - env: hvigor-config.json5 content = {
  modelVersion: '5.0.0',
  dependencies: {},
  execution: {},
  logging: {},
  debugging: {},
  nodeOptions: {}
}
[2026-09-06T22:43:56.022] [DEBUG] debug-file - session manager: set active socket. socketId=3Vj0blSRFrgqVYyKAAAB
[2026-09-06T22:43:56.030] [DEBUG] debug-file - watch worker: worker id should be larger than 0. Nothing will be sent to any worker thread.
[2026-09-06T22:43:56.040] [DEBUG] debug-file - Since there is no instance or instance is terminated, create a new worker pool.
[2026-09-06T22:43:56.040] [DEBUG] debug-file - Worker pool is initialized with config:  {
  minPoolNum: 2,
  maxPoolNum: undefined,
  maxCoreSize: undefined,
  cacheCapacity: undefined,
  cacheTtl: undefined
}
[2026-09-06T22:43:56.041] [DEBUG] debug-file - Create  resident worker with id: 0.
[2026-09-06T22:43:56.042] [DEBUG] debug-file - Create  resident worker with id: 1.
[2026-09-06T22:43:56.044] [DEBUG] debug-file - Workers' log level updated to INFO
[2026-09-06T22:43:56.068] [DEBUG] debug-file - Hvigor init with startParameters:{
  hvigorfileTypeCheck: false,
  parallelExecution: true,
  incrementalExecution: true,
  printStackTrace: false,
  daemon: true,
  analyze: 0,
  logLevel: Level { level: 20000, levelStr: 'INFO', colour: 'green' },
  optimizationStrategy: 'memory',
  hotCompile: undefined,
  hotReloadBuild: undefined,
  customizedParam: undefined
}
[2026-09-06T22:43:56.075] [DEBUG] debug-file - Cache service initialization finished in 7 ms 
[2026-09-06T22:43:56.077] [DEBUG] debug-file - hvigorfile, resolving E:\iKnow\iKnow-master\hvigorfile.ts
[2026-09-06T22:44:17.933] [DEBUG] debug-file - hvigorfile, require result:  { default: { plugins: [] } }
[2026-09-06T22:44:17.933] [DEBUG] debug-file - hvigorfile, binding system plugins null
[2026-09-06T22:44:17.933] [DEBUG] debug-file - Starting plugin build process
[2026-09-06T22:44:17.933] [DEBUG] debug-file - App plugin prepare start...
[2026-09-06T22:44:17.934] [DEBUG] debug-file - App plugin prepare end...
[2026-09-06T22:44:17.934] [DEBUG] debug-file - App plugin creating...
[2026-09-06T22:44:18.173] [DEBUG] debug-file - App plugin register hook start...
[2026-09-06T22:44:18.173] [DEBUG] debug-file - App plugin register hook end...
[2026-09-06T22:44:18.173] [DEBUG] debug-file - Plugin build process completed
[2026-09-06T22:44:18.174] [DEBUG] debug-file - Start initialize project's product build option map with build mode debug.
[2026-09-06T22:44:18.174] [DEBUG] debug-file - Picking option from product 'default' with build mode 'debug'.
[2026-09-06T22:44:18.175] [DEBUG] debug-file - Product 'default' build option initialized
[2026-09-06T22:44:18.175] [DEBUG] debug-file - End initialize project's product build option map with build mode 'debug'.
[2026-09-06T22:44:18.177] [DEBUG] debug-file - Obtain build option for product 'default'in this build.
[2026-09-06T22:44:18.194] [DEBUG] debug-file - not found resModel json file in : E:\iKnow\iKnow-master\entry\src\ohosTest\module.json5
[2026-09-06T22:44:18.203] [DEBUG] debug-file - No signingConfig found, initRemoteHspCache failed.
[2026-09-06T22:44:18.208] [DEBUG] debug-file - Local scan or download HarmonyOS sdk components toolchains,ets,js,native,previewer
[2026-09-06T22:44:18.212] [DEBUG] debug-file - Local scan or download hmscore sdk components toolchains,ets,native
[2026-09-06T22:44:18.214] [DEBUG] debug-file - Start recording SDK configuration permission data.
[2026-09-06T22:44:18.237] [DEBUG] debug-file - Sdk init in 31 ms 
[2026-09-06T22:44:18.248] [DEBUG] debug-file - Project task initialization takes 10 ms 
[2026-09-06T22:44:18.248] [DEBUG] debug-file - hvigorfile, begin to bind custom plugins...
[2026-09-06T22:44:18.248] [DEBUG] debug-file - hvigorfile, no custom plugins were found in E:\iKnow\iKnow-master\hvigorfile.ts
[2026-09-06T22:44:18.248] [DEBUG] debug-file - hvigorfile, resolve finished E:\iKnow\iKnow-master\hvigorfile.ts
[2026-09-06T22:44:18.248] [DEBUG] debug-file - hvigorfile, resolving E:\iKnow\iKnow-master\entry\hvigorfile.ts
[2026-09-06T22:44:18.260] [DEBUG] debug-file - hvigorfile, require result:  { default: { plugins: [] } }
[2026-09-06T22:44:18.260] [DEBUG] debug-file - hvigorfile, binding system plugins null
[2026-09-06T22:44:18.260] [DEBUG] debug-file - Starting plugin build process
[2026-09-06T22:44:18.260] [DEBUG] debug-file - Hap plugin creating...
[2026-09-06T22:44:18.261] [DEBUG] debug-file - failed to load cangjie to dynamically generate schemas: Error: Cannot find module '@ohos/cangjie-build-support/index'
Require stack:
- C:\Program Files\Huawei\DevEco Studio\tools\hvigor\hvigor-ohos-plugin\src\plugin\hooks\cangjie-register.js
- C:\Program Files\Huawei\DevEco Studio\tools\hvigor\hvigor-ohos-plugin\src\plugin\strategy\stage-init-strategy.js
- C:\Program Files\Huawei\DevEco Studio\tools\hvigor\hvigor-ohos-plugin\src\plugin\builder\abstract-plugin-builder.js
- C:\Program Files\Huawei\DevEco Studio\tools\hvigor\hvigor-ohos-plugin\src\plugin\builder\app-plugin-builder.js
- C:\Program Files\Huawei\DevEco Studio\tools\hvigor\hvigor-ohos-plugin\src\plugin\factory\plugin-factory.js
- C:\Program Files\Huawei\DevEco Studio\tools\hvigor\hvigor-ohos-plugin\index.js
- E:\iKnow\iKnow-master\hvigorfile.ts
- C:\Program Files\Huawei\DevEco Studio\tools\hvigor\hvigor\src\base\internal\lifecycle\configuration.js
- C:\Program Files\Huawei\DevEco Studio\tools\hvigor\hvigor\src\base\boot\index.js
- C:\Program Files\Huawei\DevEco Studio\tools\hvigor\hvigor\src\base\daemon\cluster\worker-process-lifecycle.js
- C:\Program Files\Huawei\DevEco Studio\tools\hvigor\hvigor\src\base\daemon\process\daemon-process-boot-script.js
[2026-09-06T22:44:18.272] [DEBUG] debug-file - Start initialize module-target build option map, moduleName=entry, buildMode=debug
[2026-09-06T22:44:18.272] [DEBUG] debug-file - Target 'default' config initialized
[2026-09-06T22:44:18.272] [DEBUG] debug-file - Target 'ohosTest' config initialized
[2026-09-06T22:44:18.272] [DEBUG] debug-file - Module 'entry' target 'default' build option initialized
[2026-09-06T22:44:18.272] [DEBUG] debug-file - Module 'entry' target 'ohosTest' build option initialized
[2026-09-06T22:44:18.272] [DEBUG] debug-file - End initialize module-target build option map, moduleName=entry
[2026-09-06T22:44:18.272] [DEBUG] debug-file - Start initialize module-target build option map, moduleName=entry, buildMode=release
[2026-09-06T22:44:18.272] [DEBUG] debug-file - Target 'default' config initialized
[2026-09-06T22:44:18.273] [DEBUG] debug-file - Target 'ohosTest' config initialized
[2026-09-06T22:44:18.273] [DEBUG] debug-file - Module 'entry' target 'default' build option initialized
[2026-09-06T22:44:18.273] [DEBUG] debug-file - Module 'entry' target 'ohosTest' build option initialized
[2026-09-06T22:44:18.273] [DEBUG] debug-file - End initialize module-target build option map, moduleName=entry
[2026-09-06T22:44:18.273] [DEBUG] debug-file - Start initialize module-target build option map, moduleName=entry, buildMode=debug
[2026-09-06T22:44:18.273] [DEBUG] debug-file - Target 'default' config initialized
[2026-09-06T22:44:18.273] [DEBUG] debug-file - Target 'ohosTest' config initialized
[2026-09-06T22:44:18.273] [DEBUG] debug-file - Module 'entry' target 'default' build option initialized
[2026-09-06T22:44:18.273] [DEBUG] debug-file - Module 'entry' target 'ohosTest' build option initialized
[2026-09-06T22:44:18.273] [DEBUG] debug-file - End initialize module-target build option map, moduleName=entry
[2026-09-06T22:44:18.273] [DEBUG] debug-file - Obtain build option for module 'entry' target 'default'in this build.
[2026-09-06T22:44:18.342] [DEBUG] debug-file - Module entry task initialization takes 3 ms 
[2026-09-06T22:44:18.342] [DEBUG] debug-file - Hap plugin register hook start...
[2026-09-06T22:44:18.342] [DEBUG] debug-file - Hap plugin register hook end...
[2026-09-06T22:44:18.342] [DEBUG] debug-file - Plugin build process completed
[2026-09-06T22:44:18.342] [DEBUG] debug-file - hvigorfile, begin to bind custom plugins...
[2026-09-06T22:44:18.342] [DEBUG] debug-file - hvigorfile, no custom plugins were found in E:\iKnow\iKnow-master\entry\hvigorfile.ts
[2026-09-06T22:44:18.342] [DEBUG] debug-file - hvigorfile, resolve finished E:\iKnow\iKnow-master\entry\hvigorfile.ts
[2026-09-06T22:44:18.401] [DEBUG] debug-file - hvigorfile, resolve hvigorfile dependencies in 59 ms 
[2026-09-06T22:44:18.401] [DEBUG] debug-file - project has submodules:entry
[2026-09-06T22:44:18.414] [DEBUG] debug-file - start to load updatedOhPackageInfo to the disk
[2026-09-06T22:44:18.520] [DEBUG] debug-file - load to the disk finished
[2026-09-06T22:44:18.535] [DEBUG] debug-file - Start to initialize dependency information.
[2026-09-06T22:44:18.546] [DEBUG] debug-file - Module iKnow-master Collected Dependency: 
[2026-09-06T22:44:18.546] [DEBUG] debug-file - Module iKnow-master's total dependency: 0
[2026-09-06T22:44:18.547] [DEBUG] debug-file - Start to initialize dependency information.
[2026-09-06T22:44:18.568] [DEBUG] debug-file - Module entry Collected Dependency: 
[2026-09-06T22:44:18.568] [DEBUG] debug-file - Module entry's total dependency: 0
[2026-09-06T22:44:18.582] [DEBUG] debug-file - Configuration phase cost:22 s 507 ms 
[2026-09-06T22:44:18.584] [DEBUG] debug-file - Configuration task cost before running: 22 s 533 ms 
[2026-09-06T22:44:18.584] [DEBUG] debug-file - Executing task :entry:init
[2026-09-06T22:44:18.584] [DEBUG] debug-file - entry : init cost memory 0.022918701171875
[2026-09-06T22:44:18.584] [DEBUG] debug-file - runTaskFromQueue task cost before running: 22 s 534 ms 
[2026-09-06T22:44:18.584] [INFO] debug-file - Finished :entry:init... after 1 ms 
[2026-09-06T22:44:18.585] [DEBUG] debug-file - Executing task ::init
[2026-09-06T22:44:18.585] [DEBUG] debug-file - iKnow-master : init cost memory 0.013885498046875
[2026-09-06T22:44:18.585] [DEBUG] debug-file - runTaskFromQueue task cost before running: 22 s 534 ms 
[2026-09-06T22:44:18.585] [INFO] debug-file - Finished ::init... after 1 ms 
[2026-09-06T22:44:18.586] [DEBUG] debug-file - Obtain build option for module 'entry' target 'default'in this build.
[2026-09-06T22:44:18.586] [DEBUG] debug-file - Obtain build option for module 'entry' target 'ohosTest'in this build.
[2026-09-06T22:44:18.610] [DEBUG] debug-file - session manager: send message to worker process.
[2026-09-06T22:44:18.610] [DEBUG] debug-file - session manager: send message to worker process.
[2026-09-06T22:44:18.673] [DEBUG] debug-file - Cleanup worker 0.
[2026-09-06T22:44:18.673] [DEBUG] debug-file - Worker 0 has been cleaned up.
[2026-09-06T22:44:18.673] [DEBUG] debug-file - Current idle worker size: 1.
[2026-09-06T22:44:18.673] [DEBUG] debug-file - Current resident worker size: 2.
[2026-09-06T22:44:18.673] [DEBUG] debug-file - Cleanup worker 1.
[2026-09-06T22:44:18.673] [DEBUG] debug-file - Worker 1 has been cleaned up.
[2026-09-06T22:44:18.673] [DEBUG] debug-file - Current idle worker size: 0.
[2026-09-06T22:44:18.673] [DEBUG] debug-file - Current resident worker size: 2.
[2026-09-06T22:44:18.680] [DEBUG] debug-file - hvigor build process will be closed.
[2026-09-06T22:44:18.745] [DEBUG] debug-file - watch worker: worker id should be larger than 0. Nothing will be sent to any worker thread.
[2026-09-06T22:44:18.745] [DEBUG] debug-file - worker[1] exits with exit code 1.
[2026-09-06T22:44:18.745] [DEBUG] debug-file - worker[0] exits with exit code 1.
[2026-09-06T22:44:18.748] [DEBUG] debug-file - watch worker: worker id should be larger than 0. Nothing will be sent to any worker thread.
[2026-09-07T06:48:44.858] [DEBUG] debug-file - hvigor java daemon: Starting java daemon. jvmXmxValue=512m, jarPath=C:\Program Files\Huawei\DevEco Studio\tools\hvigor\hvigor\lib\hvigor-java-daemon.jar
[2026-09-07T06:48:44.861] [DEBUG] debug-file - hvigor java daemon: Read cache file, 
    port=45050, pid=28596, sessionId exists=true
[2026-09-07T06:48:44.889] [DEBUG] debug-file - hvigor java daemon: tryConnect failed, Error: connect ECONNREFUSED 127.0.0.1:45050, will start new daemon
[2026-09-07T06:48:44.912] [DEBUG] debug-file - java daemon started at port 45050 pid 43124
[2026-09-07T06:48:42.509] [DEBUG] debug-file - env: nodejsVersion=v24.14.1
[2026-09-07T06:48:42.622] [DEBUG] debug-file - env: daemon=true
[2026-09-07T06:48:42.510] [DEBUG] debug-file - env: hvigor-config.json5 content = {
  modelVersion: '5.0.0',
  dependencies: {},
  execution: {},
  logging: {},
  debugging: {},
  nodeOptions: {}
}
[2026-09-07T06:48:46.123] [DEBUG] debug-file - session manager: set active socket. socketId=3ORHz0Rj0kARWzcLAAAB
[2026-09-07T06:48:46.133] [DEBUG] debug-file - watch worker: worker id should be larger than 0. Nothing will be sent to any worker thread.
[2026-09-07T06:48:46.138] [DEBUG] debug-file - Since there is no instance or instance is terminated, create a new worker pool.
[2026-09-07T06:48:46.138] [DEBUG] debug-file - Worker pool is initialized with config:  {
  minPoolNum: 2,
  maxPoolNum: undefined,
  maxCoreSize: undefined,
  cacheCapacity: undefined,
  cacheTtl: undefined
}
[2026-09-07T06:48:46.139] [DEBUG] debug-file - Create  resident worker with id: 0.
[2026-09-07T06:48:46.140] [DEBUG] debug-file - Create  resident worker with id: 1.
[2026-09-07T06:48:46.142] [DEBUG] debug-file - Workers' log level updated to INFO
[2026-09-07T06:48:46.150] [DEBUG] debug-file - Hvigor init with startParameters:{
  hvigorfileTypeCheck: false,
  parallelExecution: true,
  incrementalExecution: true,
  printStackTrace: false,
  daemon: true,
  analyze: 0,
  logLevel: Level { level: 20000, levelStr: 'INFO', colour: 'green' },
  optimizationStrategy: 'memory',
  hotCompile: undefined,
  hotReloadBuild: undefined,
  customizedParam: undefined
}
[2026-09-07T06:48:46.201] [DEBUG] debug-file - Cache service initialization finished in 51 ms 
[2026-09-07T06:48:46.202] [DEBUG] debug-file - hvigorfile, resolving E:\iKnow\iKnow-master\hvigorfile.ts
[2026-09-07T06:49:08.693] [DEBUG] debug-file - hvigorfile, require result:  { default: { plugins: [] } }
[2026-09-07T06:49:08.693] [DEBUG] debug-file - hvigorfile, binding system plugins null
[2026-09-07T06:49:08.693] [DEBUG] debug-file - Starting plugin build process
[2026-09-07T06:49:08.693] [DEBUG] debug-file - App plugin prepare start...
[2026-09-07T06:49:08.693] [DEBUG] debug-file - App plugin prepare end...
[2026-09-07T06:49:08.693] [DEBUG] debug-file - App plugin creating...
[2026-09-07T06:49:08.830] [DEBUG] debug-file - App plugin register hook start...
[2026-09-07T06:49:08.831] [DEBUG] debug-file - App plugin register hook end...
[2026-09-07T06:49:08.831] [DEBUG] debug-file - Plugin build process completed
[2026-09-07T06:49:08.831] [DEBUG] debug-file - Start initialize project's product build option map with build mode debug.
[2026-09-07T06:49:08.832] [DEBUG] debug-file - Picking option from product 'default' with build mode 'debug'.
[2026-09-07T06:49:08.832] [DEBUG] debug-file - Product 'default' build option initialized
[2026-09-07T06:49:08.832] [DEBUG] debug-file - End initialize project's product build option map with build mode 'debug'.
[2026-09-07T06:49:08.833] [DEBUG] debug-file - Obtain build option for product 'default'in this build.
[2026-09-07T06:49:08.839] [DEBUG] debug-file - not found resModel json file in : E:\iKnow\iKnow-master\entry\src\ohosTest\module.json5
[2026-09-07T06:49:08.844] [DEBUG] debug-file - No signingConfig found, initRemoteHspCache failed.
[2026-09-07T06:49:08.849] [DEBUG] debug-file - Local scan or download HarmonyOS sdk components toolchains,ets,js,native,previewer
[2026-09-07T06:49:08.853] [DEBUG] debug-file - Local scan or download hmscore sdk components toolchains,ets,native
[2026-09-07T06:49:08.855] [DEBUG] debug-file - Start recording SDK configuration permission data.
[2026-09-07T06:49:08.882] [DEBUG] debug-file - Sdk init in 34 ms 
[2026-09-07T06:49:08.889] [DEBUG] debug-file - Project task initialization takes 7 ms 
[2026-09-07T06:49:08.890] [DEBUG] debug-file - hvigorfile, begin to bind custom plugins...
[2026-09-07T06:49:08.890] [DEBUG] debug-file - hvigorfile, no custom plugins were found in E:\iKnow\iKnow-master\hvigorfile.ts
[2026-09-07T06:49:08.890] [DEBUG] debug-file - hvigorfile, resolve finished E:\iKnow\iKnow-master\hvigorfile.ts
[2026-09-07T06:49:08.890] [DEBUG] debug-file - hvigorfile, resolving E:\iKnow\iKnow-master\entry\hvigorfile.ts
[2026-09-07T06:49:08.899] [DEBUG] debug-file - hvigorfile, require result:  { default: { plugins: [] } }
[2026-09-07T06:49:08.899] [DEBUG] debug-file - hvigorfile, binding system plugins null
[2026-09-07T06:49:08.899] [DEBUG] debug-file - Starting plugin build process
[2026-09-07T06:49:08.899] [DEBUG] debug-file - Hap plugin creating...
[2026-09-07T06:49:08.900] [DEBUG] debug-file - failed to load cangjie to dynamically generate schemas: Error: Cannot find module '@ohos/cangjie-build-support/index'
Require stack:
- C:\Program Files\Huawei\DevEco Studio\tools\hvigor\hvigor-ohos-plugin\src\plugin\hooks\cangjie-register.js
- C:\Program Files\Huawei\DevEco Studio\tools\hvigor\hvigor-ohos-plugin\src\plugin\strategy\stage-init-strategy.js
- C:\Program Files\Huawei\DevEco Studio\tools\hvigor\hvigor-ohos-plugin\src\plugin\builder\abstract-plugin-builder.js
- C:\Program Files\Huawei\DevEco Studio\tools\hvigor\hvigor-ohos-plugin\src\plugin\builder\app-plugin-builder.js
- C:\Program Files\Huawei\DevEco Studio\tools\hvigor\hvigor-ohos-plugin\src\plugin\factory\plugin-factory.js
- C:\Program Files\Huawei\DevEco Studio\tools\hvigor\hvigor-ohos-plugin\index.js
- E:\iKnow\iKnow-master\hvigorfile.ts
- C:\Program Files\Huawei\DevEco Studio\tools\hvigor\hvigor\src\base\internal\lifecycle\configuration.js
- C:\Program Files\Huawei\DevEco Studio\tools\hvigor\hvigor\src\base\boot\index.js
- C:\Program Files\Huawei\DevEco Studio\tools\hvigor\hvigor\src\base\daemon\cluster\worker-process-lifecycle.js
- C:\Program Files\Huawei\DevEco Studio\tools\hvigor\hvigor\src\base\daemon\process\daemon-process-boot-script.js
[2026-09-07T06:49:08.911] [DEBUG] debug-file - Start initialize module-target build option map, moduleName=entry, buildMode=debug
[2026-09-07T06:49:08.911] [DEBUG] debug-file - Target 'default' config initialized
[2026-09-07T06:49:08.911] [DEBUG] debug-file - Target 'ohosTest' config initialized
[2026-09-07T06:49:08.911] [DEBUG] debug-file - Module 'entry' target 'default' build option initialized
[2026-09-07T06:49:08.911] [DEBUG] debug-file - Module 'entry' target 'ohosTest' build option initialized
[2026-09-07T06:49:08.911] [DEBUG] debug-file - End initialize module-target build option map, moduleName=entry
[2026-09-07T06:49:08.911] [DEBUG] debug-file - Start initialize module-target build option map, moduleName=entry, buildMode=release
[2026-09-07T06:49:08.911] [DEBUG] debug-file - Target 'default' config initialized
[2026-09-07T06:49:08.912] [DEBUG] debug-file - Target 'ohosTest' config initialized
[2026-09-07T06:49:08.912] [DEBUG] debug-file - Module 'entry' target 'default' build option initialized
[2026-09-07T06:49:08.912] [DEBUG] debug-file - Module 'entry' target 'ohosTest' build option initialized
[2026-09-07T06:49:08.912] [DEBUG] debug-file - End initialize module-target build option map, moduleName=entry
[2026-09-07T06:49:08.912] [DEBUG] debug-file - Start initialize module-target build option map, moduleName=entry, buildMode=debug
[2026-09-07T06:49:08.912] [DEBUG] debug-file - Target 'default' config initialized
[2026-09-07T06:49:08.912] [DEBUG] debug-file - Target 'ohosTest' config initialized
[2026-09-07T06:49:08.912] [DEBUG] debug-file - Module 'entry' target 'default' build option initialized
[2026-09-07T06:49:08.912] [DEBUG] debug-file - Module 'entry' target 'ohosTest' build option initialized
[2026-09-07T06:49:08.912] [DEBUG] debug-file - End initialize module-target build option map, moduleName=entry
[2026-09-07T06:49:08.912] [DEBUG] debug-file - Obtain build option for module 'entry' target 'default'in this build.
[2026-09-07T06:49:08.917] [DEBUG] debug-file - Module entry task initialization takes 3 ms 
[2026-09-07T06:49:08.918] [DEBUG] debug-file - Hap plugin register hook start...
[2026-09-07T06:49:08.918] [DEBUG] debug-file - Hap plugin register hook end...
[2026-09-07T06:49:08.918] [DEBUG] debug-file - Plugin build process completed
[2026-09-07T06:49:08.918] [DEBUG] debug-file - hvigorfile, begin to bind custom plugins...
[2026-09-07T06:49:08.918] [DEBUG] debug-file - hvigorfile, no custom plugins were found in E:\iKnow\iKnow-master\entry\hvigorfile.ts
[2026-09-07T06:49:08.918] [DEBUG] debug-file - hvigorfile, resolve finished E:\iKnow\iKnow-master\entry\hvigorfile.ts
[2026-09-07T06:49:08.979] [DEBUG] debug-file - hvigorfile, resolve hvigorfile dependencies in 62 ms 
[2026-09-07T06:49:08.980] [DEBUG] debug-file - project has submodules:entry
[2026-09-07T06:49:08.986] [DEBUG] debug-file - start to load updatedOhPackageInfo to the disk
[2026-09-07T06:49:08.999] [DEBUG] debug-file - load to the disk finished
[2026-09-07T06:49:09.002] [DEBUG] debug-file - Start to initialize dependency information.
[2026-09-07T06:49:09.005] [DEBUG] debug-file - Module iKnow-master Collected Dependency: 
[2026-09-07T06:49:09.005] [DEBUG] debug-file - Module iKnow-master's total dependency: 0
[2026-09-07T06:49:09.006] [DEBUG] debug-file - Start to initialize dependency information.
[2026-09-07T06:49:09.010] [DEBUG] debug-file - Module entry Collected Dependency: 
[2026-09-07T06:49:09.010] [DEBUG] debug-file - Module entry's total dependency: 0
[2026-09-07T06:49:09.016] [DEBUG] debug-file - Configuration phase cost:22 s 815 ms 
[2026-09-07T06:49:09.017] [DEBUG] debug-file - Configuration task cost before running: 22 s 875 ms 
[2026-09-07T06:49:09.026] [DEBUG] debug-file - Executing task :entry:default@PreBuild
[2026-09-07T06:49:09.028] [WARN] debug-file - The project has not explicitly set the 'targetSdkVersion' version at build-profile.json5. It is recommended to configure it. Reference: https://developer.huawei.com/consumer/cn/doc/harmonyos-guides/ide-hvigor-build-profile-app#section45865492619
[2026-09-07T06:49:09.035] [DEBUG] debug-file - Task 'entry:default@PreBuild' cost while wrapping incremental declarations: 1 ms 
[2026-09-07T06:49:09.154] [DEBUG] debug-file - current product is not Atomic service.
[2026-09-07T06:49:09.154] [DEBUG] debug-file - Use tool [win32: JAVA_HOME, CLASSPATH]
 [
  { JAVA_HOME: 'C:\\Program Files\\Huawei\\DevEco Studio\\jbr' },
  { CLASSPATH: undefined }
]
[2026-09-07T06:49:09.154] [DEBUG] debug-file - Use tool [win32: NODE_HOME]
 [
  {
    NODE_HOME: 'C:\\Program Files\\Huawei\\DevEco Studio\\tools\\node'
  }
]
[2026-09-07T06:49:09.155] [DEBUG] debug-file - entry : default@PreBuild cost memory 17.930923461914062
[2026-09-07T06:49:09.155] [DEBUG] debug-file - runTaskFromQueue task cost before running: 23 s 12 ms 
[2026-09-07T06:49:09.158] [INFO] debug-file - Finished :entry:default@PreBuild... after 129 ms 
[2026-09-07T06:49:09.160] [DEBUG] debug-file - Executing task :entry:default@CreateModuleInfo
[2026-09-07T06:49:09.161] [DEBUG] debug-file - Task 'entry:default@CreateModuleInfo' cost while wrapping incremental declarations: 1 ms 
[2026-09-07T06:49:09.161] [DEBUG] debug-file - entry : default@CreateModuleInfo cost memory 0.04587554931640625
[2026-09-07T06:49:09.161] [DEBUG] debug-file - runTaskFromQueue task cost before running: 23 s 19 ms 
[2026-09-07T06:49:09.161] [INFO] debug-file - Finished :entry:default@CreateModuleInfo... after 1 ms 
[2026-09-07T06:49:09.163] [DEBUG] debug-file - Executing task :entry:default@GenerateMetadata
[2026-09-07T06:49:09.163] [DEBUG] debug-file - Task 'entry:default@GenerateMetadata' cost while wrapping incremental declarations: 1 ms 
[2026-09-07T06:49:09.271] [DEBUG] debug-file - entry : default@GenerateMetadata cost memory 0.08759307861328125
[2026-09-07T06:49:09.271] [DEBUG] debug-file - runTaskFromQueue task cost before running: 23 s 129 ms 
[2026-09-07T06:49:09.271] [INFO] debug-file - Finished :entry:default@GenerateMetadata... after 109 ms 
[2026-09-07T06:49:09.275] [DEBUG] debug-file - Executing task :entry:default@ConfigureCmake
[2026-09-07T06:49:09.276] [DEBUG] debug-file - entry : default@ConfigureCmake cost memory 0.0146331787109375
[2026-09-07T06:49:09.276] [DEBUG] debug-file - runTaskFromQueue task cost before running: 23 s 133 ms 
[2026-09-07T06:49:09.276] [INFO] debug-file - Finished :entry:default@ConfigureCmake... after 1 ms 
[2026-09-07T06:49:09.279] [DEBUG] debug-file - Executing task :entry:default@MergeProfile
[2026-09-07T06:49:09.279] [DEBUG] debug-file - Task 'entry:default@MergeProfile' cost while wrapping incremental declarations: 1 ms 
[2026-09-07T06:49:09.280] [DEBUG] debug-file - Change app api release type with 'Beta1'
[2026-09-07T06:49:09.280] [DEBUG] debug-file - Change app compile API version with '26.0.0.23'
[2026-09-07T06:49:09.280] [DEBUG] debug-file - Change app target API version with '260000026'
[2026-09-07T06:49:09.280] [DEBUG] debug-file - Change app minimum API version with '50000012'
[2026-09-07T06:49:09.280] [DEBUG] debug-file - Use cli appEnvironment
[2026-09-07T06:49:09.304] [DEBUG] debug-file - entry : default@MergeProfile cost memory 0.169677734375
[2026-09-07T06:49:09.304] [DEBUG] debug-file - runTaskFromQueue task cost before running: 23 s 161 ms 
[2026-09-07T06:49:09.304] [INFO] debug-file - Finished :entry:default@MergeProfile... after 26 ms 
[2026-09-07T06:49:09.306] [DEBUG] debug-file - Executing task :entry:default@CreateBuildProfile
[2026-09-07T06:49:09.307] [DEBUG] debug-file - Task 'entry:default@CreateBuildProfile' cost while wrapping incremental declarations: 1 ms 
[2026-09-07T06:49:09.405] [DEBUG] debug-file - entry : default@CreateBuildProfile cost memory 0.10079193115234375
[2026-09-07T06:49:09.405] [DEBUG] debug-file - runTaskFromQueue task cost before running: 23 s 262 ms 
[2026-09-07T06:49:09.405] [INFO] debug-file - Finished :entry:default@CreateBuildProfile... after 99 ms 
[2026-09-07T06:49:09.407] [DEBUG] debug-file - Executing task :entry:default@PreCheckSyscap
[2026-09-07T06:49:09.407] [DEBUG] debug-file - entry : default@PreCheckSyscap cost memory 0.0169677734375
[2026-09-07T06:49:09.407] [DEBUG] debug-file - runTaskFromQueue task cost before running: 23 s 265 ms 
[2026-09-07T06:49:09.407] [INFO] debug-file - Finished :entry:default@PreCheckSyscap... after 1 ms 
[2026-09-07T06:49:09.427] [DEBUG] debug-file - Executing task :entry:default@GeneratePkgContextInfo
[2026-09-07T06:49:09.432] [DEBUG] debug-file - Task 'entry:default@GeneratePkgContextInfo' cost while wrapping incremental declarations: 1 ms 
[2026-09-07T06:49:09.438] [DEBUG] debug-file - entry : default@GeneratePkgContextInfo cost memory 0.27877044677734375
[2026-09-07T06:49:09.438] [DEBUG] debug-file - runTaskFromQueue task cost before running: 23 s 296 ms 
[2026-09-07T06:49:09.438] [INFO] debug-file - Finished :entry:default@GeneratePkgContextInfo... after 11 ms 
[2026-09-07T06:49:09.440] [DEBUG] debug-file - Executing task :entry:default@GeneratePkgSdkInfo
[2026-09-07T06:49:09.444] [DEBUG] debug-file - Task 'entry:default@GeneratePkgSdkInfo' cost while wrapping incremental declarations: 1 ms 
[2026-09-07T06:49:09.444] [DEBUG] debug-file - entry : default@GeneratePkgSdkInfo cost memory 0.104827880859375
[2026-09-07T06:49:09.444] [DEBUG] debug-file - runTaskFromQueue task cost before running: 23 s 302 ms 
[2026-09-07T06:49:09.444] [INFO] debug-file - Finished :entry:default@GeneratePkgSdkInfo... after 5 ms 
[2026-09-07T06:49:09.449] [DEBUG] debug-file - Executing task :entry:default@ProcessIntegratedHsp
[2026-09-07T06:49:09.449] [DEBUG] debug-file - entry : default@ProcessIntegratedHsp cost memory 0.0324859619140625
[2026-09-07T06:49:09.449] [DEBUG] debug-file - runTaskFromQueue task cost before running: 23 s 307 ms 
[2026-09-07T06:49:09.449] [INFO] debug-file - Finished :entry:default@ProcessIntegratedHsp... after 1 ms 
[2026-09-07T06:49:09.451] [DEBUG] debug-file - Executing task :entry:default@BuildNativeWithCmake
[2026-09-07T06:49:09.451] [DEBUG] debug-file - entry : default@BuildNativeWithCmake cost memory 0.0155792236328125
[2026-09-07T06:49:09.451] [DEBUG] debug-file - runTaskFromQueue task cost before running: 23 s 309 ms 
[2026-09-07T06:49:09.451] [INFO] debug-file - Finished :entry:default@BuildNativeWithCmake... after 1 ms 
[2026-09-07T06:49:09.453] [DEBUG] debug-file - Executing task :entry:default@MakePackInfo
[2026-09-07T06:49:09.454] [DEBUG] debug-file - Module Pack Info:  {
  summary: {
    app: { bundleName: 'c***y', bundleType: 'app', version: [Object] },
    modules: [ [Object] ]
  },
  packages: [
    {
      deviceType: [Array],
      moduleType: 'entry',
      deliveryWithInstall: true,
      name: 'entry-default'
    }
  ]
}
[2026-09-07T06:49:09.478] [DEBUG] debug-file - entry : default@MakePackInfo cost memory 0.13152313232421875
[2026-09-07T06:49:09.478] [DEBUG] debug-file - runTaskFromQueue task cost before running: 23 s 336 ms 
[2026-09-07T06:49:09.478] [INFO] debug-file - Finished :entry:default@MakePackInfo... after 26 ms 
[2026-09-07T06:49:09.482] [DEBUG] debug-file - Executing task :entry:default@SyscapTransform
[2026-09-07T06:49:09.482] [DEBUG] debug-file - File: 'E:\iKnow\iKnow-master\entry\src\main\syscap.json' from 'sysCapJsonPath' is not exists, just ignore.
[2026-09-07T06:49:09.483] [DEBUG] debug-file - Task 'entry:default@SyscapTransform' cost while wrapping incremental declarations: 2 ms 
[2026-09-07T06:49:09.483] [DEBUG] debug-file - entry : default@SyscapTransform cost memory 0.05863189697265625
[2026-09-07T06:49:09.483] [DEBUG] debug-file - runTaskFromQueue task cost before running: 23 s 341 ms 
[2026-09-07T06:49:09.483] [INFO] debug-file - Finished :entry:default@SyscapTransform... after 2 ms 
[2026-09-07T06:49:09.486] [DEBUG] debug-file - Executing task :entry:default@ProcessProfile
[2026-09-07T06:49:09.491] [DEBUG] debug-file - Task 'entry:default@ProcessProfile' cost while wrapping incremental declarations: 1 ms 
[2026-09-07T06:49:09.495] [DEBUG] debug-file - [
  'C:\\Program Files\\Huawei\\DevEco Studio\\tools\\node\\node.exe',
  'C:\\Program Files\\Huawei\\DevEco Studio\\sdk\\default\\openharmony\\ets\\build-tools\\ets-loader\\bin\\ark\\ts2abc.js',
  '--target-api-version',
  '12',
  '--target-api-sub-version',
  'beta1'
]
[2026-09-07T06:49:10.084] [DEBUG] debug-file - 12.0.2.0
[2026-09-07T06:49:10.177] [DEBUG] debug-file - No need to add fake ui ability because of not in preview process.
[2026-09-07T06:49:10.200] [DEBUG] debug-file - entry : default@ProcessProfile cost memory 1.823455810546875
[2026-09-07T06:49:10.200] [DEBUG] debug-file - runTaskFromQueue task cost before running: 24 s 58 ms 
[2026-09-07T06:49:10.201] [INFO] debug-file - Finished :entry:default@ProcessProfile... after 715 ms 
[2026-09-07T06:49:10.203] [DEBUG] debug-file - Executing task :entry:default@ProcessRouterMap
[2026-09-07T06:49:10.310] [DEBUG] debug-file - entry : default@ProcessRouterMap cost memory 0.087982177734375
[2026-09-07T06:49:10.310] [DEBUG] debug-file - runTaskFromQueue task cost before running: 24 s 168 ms 
[2026-09-07T06:49:10.312] [INFO] debug-file - Finished :entry:default@ProcessRouterMap... after 108 ms 
[2026-09-07T06:49:10.315] [DEBUG] debug-file - Executing task :entry:default@ProcessShareConfig
[2026-09-07T06:49:10.344] [DEBUG] debug-file - entry : default@ProcessShareConfig cost memory 0.08712005615234375
[2026-09-07T06:49:10.344] [DEBUG] debug-file - runTaskFromQueue task cost before running: 24 s 202 ms 
[2026-09-07T06:49:10.346] [INFO] debug-file - Finished :entry:default@ProcessShareConfig... after 30 ms 
[2026-09-07T06:49:10.347] [DEBUG] debug-file - Executing task :entry:default@ProcessStartupConfig
[2026-09-07T06:49:10.347] [DEBUG] debug-file - Task 'entry:default@ProcessStartupConfig' cost while wrapping incremental declarations: 1 ms 
[2026-09-07T06:49:10.354] [DEBUG] debug-file - entry : default@ProcessStartupConfig cost memory 0.08521270751953125
[2026-09-07T06:49:10.354] [DEBUG] debug-file - runTaskFromQueue task cost before running: 24 s 212 ms 
[2026-09-07T06:49:10.356] [INFO] debug-file - Finished :entry:default@ProcessStartupConfig... after 7 ms 
[2026-09-07T06:49:10.357] [DEBUG] debug-file - Executing task :entry:default@BuildNativeWithNinja
[2026-09-07T06:49:10.453] [DEBUG] debug-file - entry : default@BuildNativeWithNinja cost memory 0.0236053466796875
[2026-09-07T06:49:10.453] [DEBUG] debug-file - runTaskFromQueue task cost before running: 24 s 311 ms 
[2026-09-07T06:49:10.454] [INFO] debug-file - Finished :entry:default@BuildNativeWithNinja... after 97 ms 
[2026-09-07T06:49:10.457] [DEBUG] debug-file - restool module names: entry; moduleName=entry, taskName=default@ProcessResource
[2026-09-07T06:49:10.461] [DEBUG] debug-file - Executing task :entry:default@ProcessResource
[2026-09-07T06:49:10.461] [DEBUG] debug-file - Task 'entry:default@ProcessResource' cost while wrapping incremental declarations: 1 ms 
[2026-09-07T06:49:10.477] [DEBUG] debug-file - entry : default@ProcessResource cost memory 0.11432647705078125
[2026-09-07T06:49:10.479] [DEBUG] debug-file - runTaskFromQueue task cost before running: 24 s 337 ms 
[2026-09-07T06:49:10.482] [INFO] debug-file - Finished :entry:default@ProcessResource... after 20 ms 
[2026-09-07T06:49:10.484] [DEBUG] debug-file - Executing task :entry:default@GenerateLoaderJson
[2026-09-07T06:49:10.489] [DEBUG] debug-file - Task 'entry:default@GenerateLoaderJson' cost while wrapping incremental declarations: 1 ms 
[2026-09-07T06:49:10.532] [DEBUG] debug-file - entry : default@GenerateLoaderJson cost memory 0.54656982421875
[2026-09-07T06:49:10.532] [DEBUG] debug-file - runTaskFromQueue task cost before running: 24 s 390 ms 
[2026-09-07T06:49:10.547] [INFO] debug-file - Finished :entry:default@GenerateLoaderJson... after 48 ms 
[2026-09-07T06:49:10.549] [DEBUG] debug-file - Executing task :entry:default@ProcessLibs
[2026-09-07T06:49:10.549] [DEBUG] debug-file - Task 'entry:default@ProcessLibs' cost while wrapping incremental declarations: 1 ms 
[2026-09-07T06:49:10.554] [DEBUG] debug-file - Worker dispatch failed, running processLibs on main thread.
[2026-09-07T06:49:10.572] [DEBUG] debug-file - entry : default@ProcessLibs cost memory 0.37187957763671875
[2026-09-07T06:49:10.572] [DEBUG] debug-file - runTaskFromQueue task cost before running: 24 s 430 ms 
[2026-09-07T06:49:10.573] [INFO] debug-file - Finished :entry:default@ProcessLibs... after 24 ms 
[2026-09-07T06:49:10.576] [DEBUG] debug-file - restool module names: entry; moduleName=entry, taskName=default@CompileResource
[2026-09-07T06:49:10.577] [DEBUG] debug-file - Executing task :entry:default@CompileResource
[2026-09-07T06:49:10.690] [DEBUG] debug-file - Use tool [C:\Program Files\Huawei\DevEco Studio\sdk\default\openharmony\toolchains\restool.exe]
 [
  'C:\\Program Files\\Huawei\\DevEco Studio\\sdk\\default\\openharmony\\toolchains\\restool.exe',
  '-l',
  'E:\\iKnow\\iKnow-master\\entry\\build\\default\\intermediates\\res\\default\\resConfig.json'
]
[2026-09-07T06:49:10.691] [DEBUG] debug-file - current process  memoryUsage: {
  rss: 277901312,
  heapTotal: 170835968,
  heapUsed: 119435768,
  external: 4414209,
  arrayBuffers: 32163
} os memoryUsage :14.055458068847656
[2026-09-07T06:49:11.027] [DEBUG] debug-file - Info: Pack: normal pack mode

[2026-09-07T06:49:11.219] [DEBUG] debug-file - Info: hardware concurrency count is : 20
Info: thread count is : 20

[2026-09-07T06:49:11.219] [DEBUG] debug-file - Info: thread pool is started

[2026-09-07T06:49:11.231] [DEBUG] debug-file - Info: GenericCompiler::CompileFiles

[2026-09-07T06:49:11.301] [DEBUG] debug-file - Info: GenericCompiler::CompileFiles

[2026-09-07T06:49:11.312] [DEBUG] debug-file - Info: GenericCompiler::CompileFiles

[2026-09-07T06:49:11.599] [DEBUG] debug-file - 09-07 06:49:11.599 47424 30956 I C01400/SvgDecodeUtils: SvgDecodeUtils::IsSvgFormat probe svg format, path:E:\iKnow\iKnow-master\AppScope\resources\base\media\app_icon.png.
09-07 06:49:11.599 47424 30956 E C01400/ImageTranscoderUtils: DecodeToRGBA IN

[2026-09-07T06:49:11.599] [DEBUG] debug-file - 09-07 06:49:11.599 47424 30956 I C01400/SvgDecodeUtils: SvgDecodeUtils::IsSvgFormat probe svg format, path:E:\iKnow\iKnow-master\AppScope\resources\base\media\app_icon.png.
09-07 06:49:11.599 47424 30956 E C01400/ImageTranscoderUtils: ImageFilter IN E:\iKnow\iKnow-master\AppScope\resources\base\media\app_icon.png

[2026-09-07T06:49:11.599] [DEBUG] debug-file - 09-07 06:49:11.600 47424 30956 E C01400/ImageTranscoder: TranscodeSLR Only zoom-out is supported.
Warning: ScaleImage failed, error message: INVALID_PARAMETERS, file path = E:\iKnow\iKnow-master\AppScope\resources\base\media\app_icon.png

[2026-09-07T06:49:11.625] [DEBUG] debug-file - 09-07 06:49:11.626 47424 30956 I C01400/SvgDecodeUtils: SvgDecodeUtils::IsSvgFormat probe svg format, path:E:\iKnow\iKnow-master\entry\src\main\resources\base\media\startIcon.png.

[2026-09-07T06:49:11.626] [DEBUG] debug-file - 09-07 06:49:11.626 47424 30956 E C01400/ImageTranscoderUtils: DecodeToRGBA IN
09-07 06:49:11.626 47424 30956 I C01400/SvgDecodeUtils: SvgDecodeUtils::IsSvgFormat probe svg format, path:E:\iKnow\iKnow-master\entry\src\main\resources\base\media\startIcon.png.
09-07 06:49:11.626 47424 30956 E C01400/ImageTranscoderUtils: ImageFilter IN E:\iKnow\iKnow-master\entry\src\main\resources\base\media\startIcon.png

[2026-09-07T06:49:11.626] [DEBUG] debug-file - 09-07 06:49:11.626 47424 30956 E C01400/ImageTranscoder: TranscodeSLR Only zoom-out is supported.

[2026-09-07T06:49:11.626] [DEBUG] debug-file - Warning: ScaleImage failed, error message: INVALID_PARAMETERS, file path = E:\iKnow\iKnow-master\entry\src\main\resources\base\media\startIcon.png

[2026-09-07T06:49:11.635] [DEBUG] debug-file - Warning: The width or height of the png file referenced by the icon exceeds the limit (41 pixels)
at E:\iKnow\iKnow-master\AppScope\resources\base\media\app_icon.png

[2026-09-07T06:49:11.635] [DEBUG] debug-file - Warning: The width or height of the png file referenced by the icon exceeds the limit (41 pixels)
at E:\iKnow\iKnow-master\entry\src\main\resources\base\media\startIcon.png
Warning: The width or height of the png file referenced by the startWindowIcon exceeds the limit (144 pixels)
at E:\iKnow\iKnow-master\entry\src\main\resources\base\media\startIcon.png

[2026-09-07T06:49:11.670] [DEBUG] debug-file - Info: restool resources compile success.

[2026-09-07T06:49:11.671] [DEBUG] debug-file - Info: thread pool is stopped

[2026-09-07T06:49:11.743] [DEBUG] debug-file - entry : default@CompileResource cost memory -17.170669555664062
[2026-09-07T06:49:11.743] [DEBUG] debug-file - runTaskFromQueue task cost before running: 25 s 601 ms 
[2026-09-07T06:49:11.750] [INFO] debug-file - Finished :entry:default@CompileResource... after 1 s 167 ms 
[2026-09-07T06:49:11.752] [DEBUG] debug-file - Executing task :entry:default@DoNativeStrip
[2026-09-07T06:49:11.752] [DEBUG] debug-file - File: 'E:\iKnow\iKnow-master\entry\build\default\intermediates\binxo\default' from 'doBinxoNativeLibs' is not exists, just ignore.
[2026-09-07T06:49:11.754] [DEBUG] debug-file - Task 'entry:default@DoNativeStrip' cost while wrapping incremental declarations: 2 ms 
[2026-09-07T06:49:12.595] [DEBUG] debug-file - entry : default@DoNativeStrip cost memory 0.0682220458984375
[2026-09-07T06:49:12.596] [DEBUG] debug-file - runTaskFromQueue task cost before running: 26 s 453 ms 
[2026-09-07T06:49:12.596] [INFO] debug-file - Finished :entry:default@DoNativeStrip... after 844 ms 
[2026-09-07T06:49:12.600] [DEBUG] debug-file - Executing task :entry:default@CompileArkTS
[2026-09-07T06:49:12.601] [DEBUG] debug-file - obfuscationOptions: undefined
[2026-09-07T06:49:12.604] [DEBUG] debug-file - Task 'entry:default@CompileArkTS' cost while wrapping incremental declarations: 1 ms 
[2026-09-07T06:49:12.694] [DEBUG] debug-file - build config:
[2026-09-07T06:49:12.694] [DEBUG] debug-file - {
  moduleType: 'entry',
  perf: 0,
  targetName: '.default',
  packageManagerType: 'ohpm',
  localPropertiesPath: 'E:\\iKnow\\iKnow-master\\local.properties',
  isPreview: false,
  isOhosTest: false,
  isLocalTest: false,
  buildMode: 'Debug',
  hotReloadBuild: undefined,
  watchMode: 'false',
  aceProfilePath: 'E:\\iKnow\\iKnow-master\\entry\\build\\default\\intermediates\\res\\default\\resources\\base\\profile',
  etsLoaderPath: 'C:\\Program Files\\Huawei\\DevEco Studio\\sdk\\default\\openharmony\\ets\\build-tools\\ets-loader',
  modulePath: 'E:\\iKnow\\iKnow-master\\entry',
  testFrameworkPar: {
    testMode: undefined,
    coveragePathFilter: undefined,
    coverageMode: undefined
  },
  needCoverageInsert: false,
  debugLine: false,
  projectTopDir: 'E:\\iKnow\\iKnow-master',
  compileSdkVersion: 26,
  compatibleSdkVersion: 12,
  originCompatibleSdkVersion: '5.0.0(12)',
  compatibleSdkVersionStage: 'beta1',
  bundleName: 'c***y',
  etsLoaderVersion: '26.0.0.23',
  etsLoaderReleaseType: 'Beta1',
  aotCompileMode: 'type',
  apPath: 'E:\\iKnow\\iKnow-master\\entry\\modules.ap',
  entryModuleName: 'entry',
  entryModuleVersion: '1.0.0',
  entryPackageName: 'entry',
  allModuleNameHash: '9e2cd9dbe4d2de2c7d9a521a1062629c59bd6690a450363726bfce7d5edf6a1a',
  externalApiPaths: [
    'C:\\Program Files\\Huawei\\DevEco Studio\\sdk\\default\\hms\\ets'
  ],
  compilerTypes: [],
  isCrossplatform: false,
  hvigorPluginFile: undefined,
  compilePluginPath: undefined,
  buildGeneratedProfilePath: 'E:\\iKnow\\iKnow-master\\entry\\build\\default\\generated\\profile\\default',
  bundleType: 'app',
  arkTSVersion: undefined,
  apiVersion: 26,
  needCompleteSourcesMap: false,
  isFaMode: false,
  buildDir: 'E:\\iKnow\\iKnow-master\\entry\\build',
  deviceTypes: [ 'phone', 'tablet' ],
  pkgContextInfo: {
    entry: {
      packageName: 'entry',
      bundleName: '*****',
      moduleName: '',
      version: '',
      entryPath: 'src/main/',
      isSO: false,
      dependencyAlias: ''
    }
  },
  ohPackagePathMap: {},
  dependencyAliasMap: {},
  permission: { requestPermissions: undefined, definePermissions: undefined },
  useGetCurrentBundleName: false,
  projectArkOption: undefined,
  sourceMapDir: undefined,
  branchElimination: false,
  transformLib: undefined,
  tsImportSendable: false,
  resolveConflictMode: true,
  depName2RootPath: {},
  depName2DepInfo: {},
  depName2OhExports: {},
  rootPathSet: [ 'E:\\iKnow\\iKnow-master' ],
  useNativeResolver: true,
  shouldEmitJs: true,
  useUnifiedAst: false,
  useTscResolve: false,
  singleFileEmit: false,
  userProjectConfig: {
    autoLazyImport: false,
    allowEmptyBundleName: false,
    reExportCheckMode: 'noCheck',
    executionMode: 'memory',
    usePathPlaceholder: false,
    writeRollupCache: true,
    isExpandImportEnabled: false,
    expandImportExclude: '',
    lazyImportExclude: '',
    lazyImportInclude: '',
    ignoreCrossplatformCheck: false,
    isHarDeduplicateEnabled: false,
    skipOhModulesLint: false,
    enableStrictCheckOHModule: false,
    disableSendableCheckRules: [],
    useDeclarationFileSignature: false,
    customizedOptions: undefined,
    integratedHsp: false,
    tsImportSoCheck: false,
    isPreloadSoEnabled: false
  },
  executionMode: 'memory',
  arkCompileCachePath: 'E:\\iKnow\\iKnow-master\\entry\\build\\default\\cache\\default\\default@CompileArkTS\\esmodule',
  autoLazyFilter: undefined,
  isHarDeduplicateEnabled: false,
  intermediateHarDuplicateDirPath: 'E:\\iKnow\\iKnow-master\\entry\\build\\default\\intermediates\\har_duplicate\\default',
  autoLazyImport: false,
  allowEmptyBundleName: false,
  reExportCheckMode: 'noCheck',
  usePathPlaceholder: false,
  writeRollupCache: true,
  isExpandImportEnabled: false,
  expandImportExclude: '',
  lazyImportExclude: '',
  lazyImportInclude: '',
  ignoreCrossplatformCheck: false,
  skipOhModulesLint: false,
  enableStrictCheckOHModule: false,
  disableSendableCheckRules: [],
  useDeclarationFileSignature: false,
  customizedOptions: undefined,
  integratedHsp: false,
  tsImportSoCheck: false,
  isPreloadSoEnabled: false,
  strictMode: {
    caseSensitiveCheck: true,
    useNormalizedOHMUrl: true,
    noExternalImportByPath: true
  },
  useNormalizedOHMUrl: true,
  caseSensitiveCheck: true,
  strictCheckerOnly: false,
  aceModuleJsonPath: 'E:\\iKnow\\iKnow-master\\entry\\build\\default\\intermediates\\res\\default\\ark_module.json',
  appResource: 'E:\\iKnow\\iKnow-master\\entry\\build\\default\\intermediates\\res\\default\\ResourceTable.txt',
  rawFileResource: 'E:\\iKnow\\iKnow-master\\entry\\build\\default\\intermediates\\res\\default\\resources\\rawfile',
  resourceTableHash: 'cf357d36ca3490c26a74c6b4a85d12ba36963a766ec4780d737af925b2517982',
  runtimeOS: 'HarmonyOS',
  sdkInfo: 'false:26:26.0.0.23:Beta1',
  aceModuleRoot: 'E:\\iKnow\\iKnow-master\\entry\\src\\main\\ets',
  compileMode: 'esmodule',
  aceSuperVisualPath: 'E:\\iKnow\\iKnow-master\\entry\\src\\main\\supervisual',
  aceBuildJson: 'E:\\iKnow\\iKnow-master\\entry\\build\\default\\intermediates\\loader\\default\\loader.json',
  cachePath: 'E:\\iKnow\\iKnow-master\\entry\\build\\default\\cache\\default\\default@CompileArkTS\\esmodule\\debug',
  aceModuleBuild: 'E:\\iKnow\\iKnow-master\\entry\\build\\default\\intermediates\\loader_out\\default\\ets',
  supportChunks: true,
  declaredFilesPath: undefined,
  shouldCollectDirectImportees: false,
  isByteCodeHarOptimize: false,
  expandImportPath: undefined,
  resourceTableTs: 'E:\\iKnow\\iKnow-master\\entry\\build\\default\\generated\\r\\default\\ResourceTable.ts',
  moduleMetaInfoFiles: [
    {
      filePath: 'E:\\iKnow\\iKnow-master\\entry\\build\\default\\generated\\r\\default\\ResourceTable.ts',
      ohmurl: '&entry/build/generated/r/ResourceTable&'
    }
  ],
  pkgNameToPkgBriefInfo: {
    entry: {
      pkgRoot: 'E:\\iKnow\\iKnow-master\\entry',
      originalSourceRoots: undefined,
      sourceRoots: [Array],
      pkgName: 'entry'
    }
  },
  projectModel: {
    'E:\\iKnow\\iKnow-master\\entry\\src\\main': {
      moduleName: 'entry',
      modulePkgPath: 'E:\\iKnow\\iKnow-master\\entry',
      belongProjectPath: 'E:\\iKnow\\iKnow-master'
    },
    'E:\\iKnow\\iKnow-master\\entry\\.test\\default\\intermediates\\src\\ohosTest\\ets': {
      moduleName: 'entry',
      modulePkgPath: 'E:\\iKnow\\iKnow-master\\entry',
      belongProjectPath: 'E:\\iKnow\\iKnow-master'
    },
    'E:\\iKnow\\iKnow-master\\entry\\src\\ohosTest': {
      moduleName: 'entry',
      modulePkgPath: 'E:\\iKnow\\iKnow-master\\entry',
      belongProjectPath: 'E:\\iKnow\\iKnow-master'
    },
    'E:\\iKnow\\iKnow-master\\entry': {
      moduleName: 'entry',
      modulePkgPath: 'E:\\iKnow\\iKnow-master\\entry',
      belongProjectPath: 'E:\\iKnow\\iKnow-master'
    },
    'E:\\iKnow\\iKnow-master': {
      moduleName: 'iKnow-master',
      modulePkgPath: 'E:\\iKnow\\iKnow-master',
      belongProjectPath: 'E:\\iKnow\\iKnow-master'
    }
  },
  pkgJsonFileHash: 'e387bcfe9056d30f133e1aeefed9758979ebfe630c8670995a1a208e1f73fae5',
  allModulePaths: [ 'E:\\iKnow\\iKnow-master\\entry' ],
  routerMap: {},
  obfuscationOptions: undefined,
  byteCodeHarToDependencyKeys: undefined,
  compileBlockPkg: [],
  mockParams: {
    decorator: '@MockSetup',
    packageName: '@ohos/hamock',
    etsSourceRootPath: 'src/main/ets',
    mockConfigPath: undefined,
    mockConfigKey2ModuleInfo: {},
    source2ModuleIdMap: {}
  },
  copyCodeResourceEnable: true,
  copyCodeResourceExcludes: [],
  copyCodeResourceIncludes: undefined,
  uiTransformOptimization: false,
  sdkPath: 'C:/Program Files/Huawei/DevEco Studio/sdk',
  needPreloadSoFileSet: {},
  preloadSoFilePath: 'E:\\iKnow\\iKnow-master\\entry\\build\\default\\intermediates\\preload\\default\\preload.json',
  useSourceHash: false,
  localModuleParamMap: {},
  otherPaths: {
    'entry/*': [
      '..\\*',
      '..\\..\\..\\build\\default\\generated\\profile\\default\\*'
    ]
  },
  collectImportersConfig: undefined
}
[2026-09-07T06:49:12.695] [DEBUG] debug-file - Compile arkts with external api path: C:\Program Files\Huawei\DevEco Studio\sdk\default\hms\ets
[2026-09-07T06:49:12.784] [DEBUG] debug-file - default@CompileArkTS work[0] is submitted.
[2026-09-07T06:49:12.785] [DEBUG] debug-file - default@CompileArkTS work[0] is pushed to ready queue.
[2026-09-07T06:49:12.785] [DEBUG] debug-file - A work dispatched to worker[19] failed because unable to get work from ready queue.
[2026-09-07T06:49:12.785] [DEBUG] debug-file - A work dispatched to worker[18] failed because unable to get work from ready queue.
[2026-09-07T06:49:12.785] [DEBUG] debug-file - A work dispatched to worker[17] failed because unable to get work from ready queue.
[2026-09-07T06:49:12.785] [DEBUG] debug-file - A work dispatched to worker[16] failed because unable to get work from ready queue.
[2026-09-07T06:49:12.785] [DEBUG] debug-file - A work dispatched to worker[15] failed because unable to get work from ready queue.
[2026-09-07T06:49:12.785] [DEBUG] debug-file - A work dispatched to worker[14] failed because unable to get work from ready queue.
[2026-09-07T06:49:12.785] [DEBUG] debug-file - A work dispatched to worker[13] failed because unable to get work from ready queue.
[2026-09-07T06:49:12.785] [DEBUG] debug-file - A work dispatched to worker[12] failed because unable to get work from ready queue.
[2026-09-07T06:49:12.785] [DEBUG] debug-file - A work dispatched to worker[11] failed because unable to get work from ready queue.
[2026-09-07T06:49:12.785] [DEBUG] debug-file - A work dispatched to worker[10] failed because unable to get work from ready queue.
[2026-09-07T06:49:12.785] [DEBUG] debug-file - A work dispatched to worker[9] failed because unable to get work from ready queue.
[2026-09-07T06:49:12.785] [DEBUG] debug-file - A work dispatched to worker[8] failed because unable to get work from ready queue.
[2026-09-07T06:49:12.785] [DEBUG] debug-file - A work dispatched to worker[7] failed because unable to get work from ready queue.
[2026-09-07T06:49:12.785] [DEBUG] debug-file - A work dispatched to worker[6] failed because unable to get work from ready queue.
[2026-09-07T06:49:12.785] [DEBUG] debug-file - A work dispatched to worker[5] failed because unable to get work from ready queue.
[2026-09-07T06:49:12.785] [DEBUG] debug-file - Create  resident worker with id: 4.
[2026-09-07T06:49:12.786] [DEBUG] debug-file - default@CompileArkTS work[0] has been dispatched to worker[4].
[2026-09-07T06:49:12.786] [DEBUG] debug-file - default@CompileArkTS work[0] is dispatched.
[2026-09-07T06:49:12.786] [DEBUG] debug-file - CopyResources startTime: 30768443549200
[2026-09-07T06:49:12.786] [DEBUG] debug-file - default@CompileArkTS work[1] is submitted.
[2026-09-07T06:49:12.786] [DEBUG] debug-file - default@CompileArkTS work[1] is pushed to ready queue.
[2026-09-07T06:49:12.786] [DEBUG] debug-file - A work dispatched to worker[19] failed because unable to get work from ready queue.
[2026-09-07T06:49:12.787] [DEBUG] debug-file - Create  resident worker with id: 18.
[2026-09-07T06:49:12.787] [DEBUG] debug-file - default@CompileArkTS work[1] has been dispatched to worker[18].
[2026-09-07T06:49:12.787] [DEBUG] debug-file - default@CompileArkTS work[1] is dispatched.
[2026-09-07T06:49:12.787] [DEBUG] debug-file - entry : default@CompileArkTS cost memory 1.5230712890625
[2026-09-07T06:49:12.791] [DEBUG] debug-file - Executing task :entry:default@BuildJS
[2026-09-07T06:49:12.791] [DEBUG] debug-file - Task 'entry:default@BuildJS' cost while wrapping incremental declarations: 1 ms 
[2026-09-07T06:49:12.806] [DEBUG] debug-file - entry : default@BuildJS cost memory 0.1251983642578125
[2026-09-07T06:49:12.806] [DEBUG] debug-file - runTaskFromQueue task cost before running: 26 s 664 ms 
[2026-09-07T06:49:12.807] [INFO] debug-file - Finished :entry:default@BuildJS... after 16 ms 
[2026-09-07T06:49:12.810] [DEBUG] debug-file - Executing task :entry:default@CacheNativeLibs
[2026-09-07T06:49:12.811] [DEBUG] debug-file - File: 'E:\iKnow\iKnow-master\entry\build\default\intermediates\binxo\default' from 'cacheBinxoNativeLibs' is not exists, just ignore.
[2026-09-07T06:49:12.812] [DEBUG] debug-file - Task 'entry:default@CacheNativeLibs' cost while wrapping incremental declarations: 3 ms 
[2026-09-07T06:49:12.812] [DEBUG] debug-file - default@CacheNativeLibs work[2] is submitted.
[2026-09-07T06:49:12.813] [DEBUG] debug-file - default@CacheNativeLibs work[2] is pushed to ready queue.
[2026-09-07T06:49:12.813] [DEBUG] debug-file - A work dispatched to worker[19] failed because unable to get work from ready queue.
[2026-09-07T06:49:12.813] [DEBUG] debug-file - A work dispatched to worker[18] failed because of worker busy.
[2026-09-07T06:49:12.813] [DEBUG] debug-file - Create  resident worker with id: 17.
[2026-09-07T06:49:12.813] [DEBUG] debug-file - default@CacheNativeLibs work[2] has been dispatched to worker[17].
[2026-09-07T06:49:12.813] [DEBUG] debug-file - default@CacheNativeLibs work[2] is dispatched.
[2026-09-07T06:49:12.813] [DEBUG] debug-file - entry : default@CacheNativeLibs cost memory 0.19000244140625
[2026-09-07T06:49:13.472] [DEBUG] debug-file - worker[18] has one work done.
[2026-09-07T06:49:13.472] [DEBUG] debug-file - CopyResources is end, endTime: 30769129382000
[2026-09-07T06:49:13.472] [DEBUG] debug-file - default@CompileArkTS work[1] done.
[2026-09-07T06:49:13.473] [DEBUG] debug-file - A work dispatched to worker[18] failed because unable to get work from ready queue.
[2026-09-07T06:49:13.597] [DEBUG] debug-file - worker[17] has one work done.
[2026-09-07T06:49:13.597] [DEBUG] debug-file - default@CacheNativeLibs work[2] done.
[2026-09-07T06:49:13.597] [DEBUG] debug-file - A work dispatched to worker[17] failed because unable to get work from ready queue.
[2026-09-07T06:49:13.597] [INFO] debug-file - Finished :entry:default@CacheNativeLibs... after 55 ms 
[2026-09-07T06:49:31.443] [DEBUG] debug-file - worker[4] has one work error.
[2026-09-07T06:49:31.444] [DEBUG] debug-file - default@CompileArkTS work[0] failed.
[2026-09-07T06:49:31.444] [DEBUG] debug-file - Ark compile task finished.finished time is 30787100415900
[2026-09-07T06:49:31.444] [ERROR] debug-file - Failed :entry:default@CompileArkTS... 
[2026-09-07T06:49:31.444] [WARN] debug-file - 
[33m1 WARN: [33m[33mArkTS:WARN: For details about ArkTS syntax errors, see FAQs[39m[39m
[33m2 WARN: [33m[33mArkTS:WARN File: E:/iKnow/iKnow-master/entry/src/main/ets/services/StorageService.ets:43:38
 Function may throw exceptions. Special handling is required.
[39m[39m
[33m3 WARN: [33m[33mArkTS:WARN File: E:/iKnow/iKnow-master/entry/src/main/ets/services/StorageService.ets:48:22
 Function may throw exceptions. Special handling is required.
[39m[39m
[33m4 WARN: [33m[33mArkTS:WARN File: E:/iKnow/iKnow-master/entry/src/main/ets/services/StorageService.ets:50:22
 Function may throw exceptions. Special handling is required.
[39m[39m
[33m5 WARN: [33m[33mArkTS:WARN File: E:/iKnow/iKnow-master/entry/src/main/ets/services/StorageService.ets:52:22
 Function may throw exceptions. Special handling is required.
[39m[39m
[33m6 WARN: [33m[33mArkTS:WARN File: E:/iKnow/iKnow-master/entry/src/main/ets/services/StorageService.ets:56:22
 Function may throw exceptions. Special handling is required.
[39m[39m
[33m7 WARN: [33m[33mArkTS:WARN File: E:/iKnow/iKnow-master/entry/src/main/ets/services/StorageService.ets:61:22
 Function may throw exceptions. Special handling is required.
[39m[39m
[33m8 WARN: [33m[33mArkTS:WARN File: E:/iKnow/iKnow-master/entry/src/main/ets/services/StorageService.ets:63:22
 Function may throw exceptions. Special handling is required.
[39m[39m
[33m9 WARN: [33m[33mArkTS:WARN File: E:/iKnow/iKnow-master/entry/src/main/ets/services/StorageService.ets:67:22
 Function may throw exceptions. Special handling is required.
[39m[39m
[33m10 WARN: [33m[33mArkTS:WARN File: E:/iKnow/iKnow-master/entry/src/main/ets/services/StorageService.ets:76:18
 Function may throw exceptions. Special handling is required.
[39m[39m
[33m11 WARN: [33m[33mArkTS:WARN File: E:/iKnow/iKnow-master/entry/src/main/ets/services/StorageService.ets:77:24
 Function may throw exceptions. Special handling is required.
[39m[39m
[33m12 WARN: [33m[33mArkTS:WARN File: E:/iKnow/iKnow-master/entry/src/main/ets/services/StorageService.ets:81:18
 Function may throw exceptions. Special handling is required.
[39m[39m
[33m13 WARN: [33m[33mArkTS:WARN File: E:/iKnow/iKnow-master/entry/src/main/ets/services/StorageService.ets:82:24
 Function may throw exceptions. Special handling is required.
[39m[39m
[33m14 WARN: [33m[33mArkTS:WARN File: E:/iKnow/iKnow-master/entry/src/main/ets/services/StorageService.ets:86:18
 Function may throw exceptions. Special handling is required.
[39m[39m
[33m15 WARN: [33m[33mArkTS:WARN File: E:/iKnow/iKnow-master/entry/src/main/ets/services/StorageService.ets:87:24
 Function may throw exceptions. Special handling is required.
[39m[39m
[33m16 WARN: [33m[33mArkTS:WARN File: E:/iKnow/iKnow-master/entry/src/main/ets/services/StorageService.ets:138:33
 Function may throw exceptions. Special handling is required.
[39m[39m
[33m17 WARN: [33m[33mArkTS:WARN File: E:/iKnow/iKnow-master/entry/src/main/ets/services/StorageService.ets:139:13
 Function may throw exceptions. Special handling is required.
[39m[39m
[33m18 WARN: [33m[33mArkTS:WARN File: E:/iKnow/iKnow-master/entry/src/main/ets/services/StorageService.ets:140:10
 Function may throw exceptions. Special handling is required.
[39m[39m
[33m19 WARN: [33m[33mArkTS:WARN File: E:/iKnow/iKnow-master/entry/src/main/ets/services/StorageService.ets:149:8
 Function may throw exceptions. Special handling is required.
[39m[39m
[33m20 WARN: [33m[33mArkTS:WARN File: E:/iKnow/iKnow-master/entry/src/main/ets/services/StorageService.ets:161:22
 Function may throw exceptions. Special handling is required.
[39m[39m
[33m21 WARN: [33m[33mArkTS:WARN File: E:/iKnow/iKnow-master/entry/src/main/ets/services/StorageService.ets:166:33
 Function may throw exceptions. Special handling is required.
[39m[39m
[33m22 WARN: [33m[33mArkTS:WARN File: E:/iKnow/iKnow-master/entry/src/main/ets/services/StorageService.ets:167:13
 Function may throw exceptions. Special handling is required.
[39m[39m
[33m23 WARN: [33m[33mArkTS:WARN File: E:/iKnow/iKnow-master/entry/src/main/ets/services/StorageService.ets:168:10
 Function may throw exceptions. Special handling is required.
[39m[39m
[33m24 WARN: [33m[33mArkTS:WARN File: E:/iKnow/iKnow-master/entry/src/main/ets/services/StorageService.ets:177:8
 Function may throw exceptions. Special handling is required.
[39m[39m
[33m25 WARN: [33m[33mArkTS:WARN File: E:/iKnow/iKnow-master/entry/src/main/ets/services/StorageService.ets:189:22
 Function may throw exceptions. Special handling is required.
[39m[39m
[33m26 WARN: [33m[33mArkTS:WARN File: E:/iKnow/iKnow-master/entry/src/main/ets/services/StorageService.ets:194:33
 Function may throw exceptions. Special handling is required.
[39m[39m
[33m27 WARN: [33m[33mArkTS:WARN File: E:/iKnow/iKnow-master/entry/src/main/ets/services/StorageService.ets:196:15
 Function may throw exceptions. Special handling is required.
[39m[39m
[33m28 WARN: [33m[33mArkTS:WARN File: E:/iKnow/iKnow-master/entry/src/main/ets/services/StorageService.ets:210:8
 Function may throw exceptions. Special handling is required.
[39m[39m
[33m29 WARN: [33m[33mArkTS:WARN File: E:/iKnow/iKnow-master/entry/src/main/ets/services/StorageService.ets:227:22
 Function may throw exceptions. Special handling is required.
[39m[39m
[33m30 WARN: [33m[33mArkTS:WARN File: E:/iKnow/iKnow-master/entry/src/main/ets/services/StorageService.ets:233:22
 Function may throw exceptions. Special handling is required.
[39m[39m
[33m31 WARN: [33m[33mArkTS:WARN File: E:/iKnow/iKnow-master/entry/src/main/ets/services/StorageService.ets:238:33
 Function may throw exceptions. Special handling is required.
[39m[39m
[33m32 WARN: [33m[33mArkTS:WARN File: E:/iKnow/iKnow-master/entry/src/main/ets/services/StorageService.ets:240:15
 Function may throw exceptions. Special handling is required.
[39m[39m
[33m33 WARN: [33m[33mArkTS:WARN File: E:/iKnow/iKnow-master/entry/src/main/ets/services/StorageService.ets:259:8
 Function may throw exceptions. Special handling is required.
[39m[39m
[33m34 WARN: [33m[33mArkTS:WARN File: E:/iKnow/iKnow-master/entry/src/main/ets/services/StorageService.ets:281:22
 Function may throw exceptions. Special handling is required.
[39m[39m
[33m35 WARN: [33m[33mArkTS:WARN File: E:/iKnow/iKnow-master/entry/src/main/ets/services/StorageService.ets:288:33
 Function may throw exceptions. Special handling is required.
[39m[39m
[33m36 WARN: [33m[33mArkTS:WARN File: E:/iKnow/iKnow-master/entry/src/main/ets/services/StorageService.ets:290:15
 Function may throw exceptions. Special handling is required.
[39m[39m
[33m37 WARN: [33m[33mArkTS:WARN File: E:/iKnow/iKnow-master/entry/src/main/ets/services/StorageService.ets:299:8
 Function may throw exceptions. Special handling is required.
[39m[39m
[33m38 WARN: [33m[33mArkTS:WARN File: E:/iKnow/iKnow-master/entry/src/main/ets/services/StorageService.ets:311:22
 Function may throw exceptions. Special handling is required.
[39m[39m
[33m39 WARN: [33m[33mArkTS:WARN File: E:/iKnow/iKnow-master/entry/src/main/ets/services/StorageService.ets:318:33
 Function may throw exceptions. Special handling is required.
[39m[39m
[33m40 WARN: [33m[33mArkTS:WARN File: E:/iKnow/iKnow-master/entry/src/main/ets/services/StorageService.ets:319:13
 Function may throw exceptions. Special handling is required.
[39m[39m
[33m41 WARN: [33m[33mArkTS:WARN File: E:/iKnow/iKnow-master/entry/src/main/ets/services/StorageService.ets:320:10
 Function may throw exceptions. Special handling is required.
[39m[39m
[33m42 WARN: [33m[33mArkTS:WARN File: E:/iKnow/iKnow-master/entry/src/main/ets/services/StorageService.ets:334:8
 Function may throw exceptions. Special handling is required.
[39m[39m
[33m43 WARN: [33m[33mArkTS:WARN File: E:/iKnow/iKnow-master/entry/src/main/ets/services/StorageService.ets:351:22
 Function may throw exceptions. Special handling is required.
[39m[39m
[33m44 WARN: [33m[33mArkTS:WARN File: E:/iKnow/iKnow-master/entry/src/main/ets/services/StorageService.ets:356:33
 Function may throw exceptions. Special handling is required.
[39m[39m
[33m45 WARN: [33m[33mArkTS:WARN File: E:/iKnow/iKnow-master/entry/src/main/ets/services/StorageService.ets:357:13
 Function may throw exceptions. Special handling is required.
[39m[39m
[33m46 WARN: [33m[33mArkTS:WARN File: E:/iKnow/iKnow-master/entry/src/main/ets/services/StorageService.ets:358:10
 Function may throw exceptions. Special handling is required.
[39m[39m
[33m47 WARN: [33m[33mArkTS:WARN File: E:/iKnow/iKnow-master/entry/src/main/ets/services/StorageService.ets:374:8
 Function may throw exceptions. Special handling is required.
[39m[39m
[33m48 WARN: [33m[33mArkTS:WARN File: E:/iKnow/iKnow-master/entry/src/main/ets/services/StorageService.ets:393:22
 Function may throw exceptions. Special handling is required.
[39m[39m
[33m49 WARN: [33m[33mArkTS:WARN File: E:/iKnow/iKnow-master/entry/src/main/ets/services/StorageService.ets:400:24
 Function may throw exceptions. Special handling is required.
[39m[39m
[33m50 WARN: [33m[33mArkTS:WARN File: E:/iKnow/iKnow-master/entry/src/main/ets/pages/Home.ets:51:14
 'pushUrl' has been deprecated.
[39m[39m
[33m51 WARN: [33m[33mArkTS:WARN File: E:/iKnow/iKnow-master/entry/src/main/ets/pages/Home.ets:51:14
 Function may throw exceptions. Special handling is required.
[39m[39m
[33m52 WARN: [33m[33mArkTS:WARN File: E:/iKnow/iKnow-master/entry/src/main/ets/pages/Home.ets:53:14
 'pushUrl' has been deprecated.
[39m[39m
[33m53 WARN: [33m[33mArkTS:WARN File: E:/iKnow/iKnow-master/entry/src/main/ets/pages/Home.ets:53:14
 Function may throw exceptions. Special handling is required.
[39m[39m
[33m54 WARN: [33m[33mArkTS:WARN File: E:/iKnow/iKnow-master/entry/src/main/ets/pages/Home.ets:86:16
 The 'fill' API is supported since SDK version 26.0.0. However, the current compatible SDK version is 5.0.0(12).
 It is recommended to use apiAvailable to safeguard API compatibility.
[39m[39m
[33m55 WARN: [33m[33mArkTS:WARN File: E:/iKnow/iKnow-master/entry/src/main/ets/pages/Home.ets:197:26
 'pushUrl' has been deprecated.
[39m[39m
[33m56 WARN: [33m[33mArkTS:WARN File: E:/iKnow/iKnow-master/entry/src/main/ets/pages/Mine.ets:38:14
 'pushUrl' has been deprecated.
[39m[39m
[33m57 WARN: [33m[33mArkTS:WARN File: E:/iKnow/iKnow-master/entry/src/main/ets/pages/TaskPlanning.ets:103:12
 'replaceUrl' has been deprecated.
[39m[39m
[33m58 WARN: [33m[33mArkTS:WARN File: E:/iKnow/iKnow-master/entry/src/main/ets/pages/TaskPlanning.ets:103:12
 Function may throw exceptions. Special handling is required.
[39m[39m
[33m59 WARN: [33m[33mArkTS:WARN File: E:/iKnow/iKnow-master/entry/src/main/ets/components/BreathingLight.ets:32:10
 The 'fill' API is supported since SDK version 26.0.0. However, the current compatible SDK version is 5.0.0(12).
 It is recommended to use apiAvailable to safeguard API compatibility.
[39m[39m
[33m60 WARN: [33m[33mArkTS:WARN File: E:/iKnow/iKnow-master/entry/src/main/ets/components/BreathingLight.ets:39:10
 The 'fill' API is supported since SDK version 26.0.0. However, the current compatible SDK version is 5.0.0(12).
 It is recommended to use apiAvailable to safeguard API compatibility.
[39m[39m
[33m61 WARN: [33m[33mArkTS:WARN File: E:/iKnow/iKnow-master/entry/src/main/ets/pages/Focus.ets:63:12
 'pushUrl' has been deprecated.
[39m[39m
[33m62 WARN: [33m[33mArkTS:WARN File: E:/iKnow/iKnow-master/entry/src/main/ets/pages/Focus.ets:63:12
 Function may throw exceptions. Special handling is required.
[39m[39m
[33m63 WARN: [33m[33mArkTS:WARN File: E:/iKnow/iKnow-master/entry/src/main/ets/pages/Focus.ets:68:12
 'pushUrl' has been deprecated.
[39m[39m
[33m64 WARN: [33m[33mArkTS:WARN File: E:/iKnow/iKnow-master/entry/src/main/ets/pages/Focus.ets:68:12
 Function may throw exceptions. Special handling is required.
[39m[39m
[33m65 WARN: [33m[33mArkTS:WARN File: E:/iKnow/iKnow-master/entry/src/main/ets/pages/Focus.ets:83:14
 'replaceUrl' has been deprecated.
[39m[39m
[33m66 WARN: [33m[33mArkTS:WARN File: E:/iKnow/iKnow-master/entry/src/main/ets/pages/Focus.ets:83:14
 Function may throw exceptions. Special handling is required.
[39m[39m
[33m67 WARN: [33m[33mArkTS:WARN File: E:/iKnow/iKnow-master/entry/src/main/ets/pages/Focus.ets:85:14
 'back' has been deprecated.
[39m[39m
[33m68 WARN: [33m[33mArkTS:WARN File: E:/iKnow/iKnow-master/entry/src/main/ets/pages/Focus.ets:98:16
 The 'fill' API is supported since SDK version 26.0.0. However, the current compatible SDK version is 5.0.0(12).
 It is recommended to use apiAvailable to safeguard API compatibility.
[39m[39m
[33m69 WARN: [33m[33mArkTS:WARN File: E:/iKnow/iKnow-master/entry/src/main/ets/pages/FocusBreak.ets:34:12
 'back' has been deprecated.
[39m[39m
[33m70 WARN: [33m[33mArkTS:WARN File: E:/iKnow/iKnow-master/entry/src/main/ets/pages/StudyReport.ets:52:12
 'back' has been deprecated.
[39m[39m
[33m71 WARN: [33m[33mArkTS:WARN File: E:/iKnow/iKnow-master/entry/src/main/ets/pages/Device.ets:63:20
 The 'fill' API is supported since SDK version 26.0.0. However, the current compatible SDK version is 5.0.0(12).
 It is recommended to use apiAvailable to safeguard API compatibility.
[39m[39m
[33m72 WARN: [33m[33mArkTS:WARN File: E:/iKnow/iKnow-master/entry/src/main/ets/pages/Device.ets:103:30
 'showToast' has been deprecated.
[39m[39m
[33m73 WARN: [33m[33mArkTS:WARN File: E:/iKnow/iKnow-master/entry/src/main/ets/pages/Device.ets:114:30
 'showToast' has been deprecated.
[39m[39m
[33m74 WARN: [33m[33mArkTS:WARN File: E:/iKnow/iKnow-master/entry/src/main/ets/pages/Device.ets:125:30
 'showToast' has been deprecated.
[39m[39m
[33m75 WARN: [33m[33mArkTS:WARN File: E:/iKnow/iKnow-master/entry/src/main/ets/pages/Settings.ets:32:18
 'showToast' has been deprecated.
[39m[39m
[33m76 WARN: [33m[33mArkTS:WARN File: E:/iKnow/iKnow-master/entry/src/main/ets/pages/Settings.ets:32:18
 Function may throw exceptions. Special handling is required.
[39m[39m
[33m77 WARN: [33m[33mArkTS:WARN File: E:/iKnow/iKnow-master/entry/src/main/ets/pages/Settings.ets:38:20
 'showToast' has been deprecated.
[39m[39m
[33m78 WARN: [33m[33mArkTS:WARN File: E:/iKnow/iKnow-master/entry/src/main/ets/pages/Privacy.ets:17:20
 'showToast' has been deprecated.
[39m[39m
[33m79 WARN: [33m[33mArkTS:WARN File: E:/iKnow/iKnow-master/entry/src/main/ets/pages/Privacy.ets:93:32
 'showToast' has been deprecated.
[39m[39m
[33m80 WARN: [33m[33mArkTS:WARN File: E:/iKnow/iKnow-master/entry/src/main/ets/pages/Privacy.ets:107:32
 'showToast' has been deprecated.
[39m[39m
[33m81 WARN: [33m[33mArkTS:WARN File: E:/iKnow/iKnow-master/entry/src/main/ets/pages/AIChat.ets:67:12
 'back' has been deprecated.
[39m[39m
[33m82 WARN: [33mArkTS:WARN File: E:/iKnow/iKnow-master/entry/src/main/ets/pages/TaskPlanning.ets:12:1
 It's not a recommended way to export struct with '@Entry' decorator, which may cause ACE Engine error in component preview mode.[39m[39m
[33m83 WARN: [33mArkTS:WARN File: E:/iKnow/iKnow-master/entry/src/main/ets/pages/Focus.ets:15:1
 It's not a recommended way to export struct with '@Entry' decorator, which may cause ACE Engine error in component preview mode.[39m[39m
[33m84 WARN: [33mArkTS:WARN File: E:/iKnow/iKnow-master/entry/src/main/ets/pages/FocusBreak.ets:7:1
 It's not a recommended way to export struct with '@Entry' decorator, which may cause ACE Engine error in component preview mode.[39m[39m
[33m85 WARN: [33mArkTS:WARN File: E:/iKnow/iKnow-master/entry/src/main/ets/pages/FocusProfile.ets:10:1
 It's not a recommended way to export struct with '@Entry' decorator, which may cause ACE Engine error in component preview mode.[39m[39m
[33m86 WARN: [33mArkTS:WARN File: E:/iKnow/iKnow-master/entry/src/main/ets/pages/StudyReport.ets:10:1
 It's not a recommended way to export struct with '@Entry' decorator, which may cause ACE Engine error in component preview mode.[39m[39m
[33m87 WARN: [33mArkTS:WARN File: E:/iKnow/iKnow-master/entry/src/main/ets/pages/Device.ets:7:1
 It's not a recommended way to export struct with '@Entry' decorator, which may cause ACE Engine error in component preview mode.[39m[39m
[33m88 WARN: [33mArkTS:WARN File: E:/iKnow/iKnow-master/entry/src/main/ets/pages/Privacy.ets:6:1
 It's not a recommended way to export struct with '@Entry' decorator, which may cause ACE Engine error in component preview mode.[39m[39m
[33m89 WARN: [33mArkTS:WARN File: E:/iKnow/iKnow-master/entry/src/main/ets/pages/Settings.ets:13:1
 It's not a recommended way to export struct with '@Entry' decorator, which may cause ACE Engine error in component preview mode.[39m[39m
[33m90 WARN: [33mArkTS:WARN File: E:/iKnow/iKnow-master/entry/src/main/ets/pages/AIChat.ets:14:1
 It's not a recommended way to export struct with '@Entry' decorator, which may cause ACE Engine error in component preview mode.[39m[39m
[2026-09-07T06:49:31.445] [DEBUG] debug-file - hvigor build process will be closed with an error.
[2026-09-07T06:49:31.573] [DEBUG] debug-file - ERROR: stacktrace = Error: ArkTS Compiler Error
[31m1 ERROR: [31m10605008 ArkTS Compiler Error
Error Message: Use explicit types instead of "any", "unknown" (arkts-no-any-unknown) At File: E:/iKnow/iKnow-master/entry/src/main/ets/store/AppStore.ets:430:11
[39m
[39m
[31m2 ERROR: [31m10505001 ArkTS Compiler Error
Error Message: '"@kit.ArkUI"' has no exported member named 'AppStorage'. Did you mean 'AppStorageV2'? At File: E:/iKnow/iKnow-master/entry/src/main/ets/services/FocusController.ets:1:10
[39m
[39m
[31m3 ERROR: [31m10505001 ArkTS Compiler Error
Error Message: '"@kit.ArkUI"' has no exported member named 'AppStorage'. Did you mean 'AppStorageV2'? At File: E:/iKnow/iKnow-master/entry/src/main/ets/store/AppStore.ets:2:10
[39m
[39m
[31m4 ERROR: [31m10505001 ArkTS Compiler Error
Error Message: Property 'size' in type 'CircularProgress' is not assignable to the same property in base type 'CustomComponent'.
  Type 'number' is not assignable to type '(value: SizeOptions) => CommonAttribute'. At File: E:/iKnow/iKnow-master/entry/src/main/ets/components/CircularProgress.ets:9:9
[39m
[39m
[31m5 ERROR: [31m10505001 ArkTS Compiler Error
Error Message: Property 'size' in type 'RadarChart' is not assignable to the same property in base type 'CustomComponent'.
  Type 'number' is not assignable to type '(value: SizeOptions) => CommonAttribute'. At File: E:/iKnow/iKnow-master/entry/src/main/ets/components/RadarChart.ets:10:9
[39m
[39m
[31m6 ERROR: [31mArkTS:ERROR File: E:/iKnow/iKnow-master/entry/src/main/ets/store/AppStore.ets:2:10
 ERROR Code: 10311006 ArkTS: ERROR
Error Message: 'AppStorage' is not exported from Kit '@kit.ArkUI'.

* Try the following: 
  > Please make sure the Kit apis are consistent with SDK and there's no local modification on Kit apis.
  > For more details on Kit apis, please refer to https://developer.huawei.com/consumer/cn/doc/harmonyos-references-V5/development-intro-api-V5.
[39m
[39m
[31m7 ERROR: [31mArkTS:ERROR File: E:/iKnow/iKnow-master/entry/src/main/ets/services/FocusController.ets:1:10
 ERROR Code: 10311006 ArkTS: ERROR
Error Message: 'AppStorage' is not exported from Kit '@kit.ArkUI'.

* Try the following: 
  > Please make sure the Kit apis are consistent with SDK and there's no local modification on Kit apis.
  > For more details on Kit apis, please refer to https://developer.huawei.com/consumer/cn/doc/harmonyos-references-V5/development-intro-api-V5.
[39m
[39m
[31mCOMPILE RESULT:FAIL {ERROR:8 WARN:90}[39m
    at runArkPack (C:\Program Files\Huawei\DevEco Studio\tools\hvigor\hvigor-ohos-plugin\node_modules\@ohos\hvigor-arkts-compose\dist\src\arkts-pack.js:1:5076)
ArkTSCompilerError: ArkTS Compiler Error
    at throwArkTsCompilerError (C:\Program Files\Huawei\DevEco Studio\tools\hvigor\hvigor-ohos-plugin\node_modules\@ohos\hvigor-arkts-compose\dist\src\data\compose-error.js:1:423)
    at throwErrorIfHasErrorInfo (C:\Program Files\Huawei\DevEco Studio\tools\hvigor\hvigor-ohos-plugin\node_modules\@ohos\hvigor-arkts-compose\dist\src\plugins\common-plugin.js:1:4923)
    at Object.handler (C:\Program Files\Huawei\DevEco Studio\tools\hvigor\hvigor-ohos-plugin\node_modules\@ohos\hvigor-arkts-compose\dist\src\plugins\common-plugin.js:1:3018)
    at C:\Program Files\Huawei\DevEco Studio\tools\hvigor\hvigor-ohos-plugin\node_modules\@ohos\hvigor-arkts-base\node_modules\rollup-lite\dist\shared\rollup.js:12350:40
[2026-09-07T06:49:31.573] [ERROR] debug-file - Error: ArkTS Compiler Error
[31m1 ERROR: [31m10605008 ArkTS Compiler Error
Error Message: Use explicit types instead of "any", "unknown" (arkts-no-any-unknown) At File: E:/iKnow/iKnow-master/entry/src/main/ets/store/AppStore.ets:430:11
[39m
[39m
[31m2 ERROR: [31m10505001 ArkTS Compiler Error
Error Message: '"@kit.ArkUI"' has no exported member named 'AppStorage'. Did you mean 'AppStorageV2'? At File: E:/iKnow/iKnow-master/entry/src/main/ets/services/FocusController.ets:1:10
[39m
[39m
[31m3 ERROR: [31m10505001 ArkTS Compiler Error
Error Message: '"@kit.ArkUI"' has no exported member named 'AppStorage'. Did you mean 'AppStorageV2'? At File: E:/iKnow/iKnow-master/entry/src/main/ets/store/AppStore.ets:2:10
[39m
[39m
[31m4 ERROR: [31m10505001 ArkTS Compiler Error
Error Message: Property 'size' in type 'CircularProgress' is not assignable to the same property in base type 'CustomComponent'.
  Type 'number' is not assignable to type '(value: SizeOptions) => CommonAttribute'. At File: E:/iKnow/iKnow-master/entry/src/main/ets/components/CircularProgress.ets:9:9
[39m
[39m
[31m5 ERROR: [31m10505001 ArkTS Compiler Error
Error Message: Property 'size' in type 'RadarChart' is not assignable to the same property in base type 'CustomComponent'.
  Type 'number' is not assignable to type '(value: SizeOptions) => CommonAttribute'. At File: E:/iKnow/iKnow-master/entry/src/main/ets/components/RadarChart.ets:10:9
[39m
[39m
[31m6 ERROR: [31mArkTS:ERROR File: E:/iKnow/iKnow-master/entry/src/main/ets/store/AppStore.ets:2:10
 ERROR Code: 10311006 ArkTS: ERROR
Error Message: 'AppStorage' is not exported from Kit '@kit.ArkUI'.

* Try the following: 
  > Please make sure the Kit apis are consistent with SDK and there's no local modification on Kit apis.
  > For more details on Kit apis, please refer to https://developer.huawei.com/consumer/cn/doc/harmonyos-references-V5/development-intro-api-V5.
[39m
[39m
[31m7 ERROR: [31mArkTS:ERROR File: E:/iKnow/iKnow-master/entry/src/main/ets/services/FocusController.ets:1:10
 ERROR Code: 10311006 ArkTS: ERROR
Error Message: 'AppStorage' is not exported from Kit '@kit.ArkUI'.

* Try the following: 
  > Please make sure the Kit apis are consistent with SDK and there's no local modification on Kit apis.
  > For more details on Kit apis, please refer to https://developer.huawei.com/consumer/cn/doc/harmonyos-references-V5/development-intro-api-V5.
[39m
[39m
[31mCOMPILE RESULT:FAIL {ERROR:8 WARN:90}[39m
    at runArkPack (C:\Program Files\Huawei\DevEco Studio\tools\hvigor\hvigor-ohos-plugin\node_modules\@ohos\hvigor-arkts-compose\dist\src\arkts-pack.js:1:5076)
ArkTSCompilerError: ArkTS Compiler Error
    at throwArkTsCompilerError (C:\Program Files\Huawei\DevEco Studio\tools\hvigor\hvigor-ohos-plugin\node_modules\@ohos\hvigor-arkts-compose\dist\src\data\compose-error.js:1:423)
    at throwErrorIfHasErrorInfo (C:\Program Files\Huawei\DevEco Studio\tools\hvigor\hvigor-ohos-plugin\node_modules\@ohos\hvigor-arkts-compose\dist\src\plugins\common-plugin.js:1:4923)
    at Object.handler (C:\Program Files\Huawei\DevEco Studio\tools\hvigor\hvigor-ohos-plugin\node_modules\@ohos\hvigor-arkts-compose\dist\src\plugins\common-plugin.js:1:3018)
    at C:\Program Files\Huawei\DevEco Studio\tools\hvigor\hvigor-ohos-plugin\node_modules\@ohos\hvigor-arkts-base\node_modules\rollup-lite\dist\shared\rollup.js:12350:40
[2026-09-07T06:49:31.574] [ERROR] debug-file - BUILD FAILED in 45 s 431 ms 
[2026-09-07T06:49:31.575] [DEBUG] debug-file - Update task entry:default@PreBuild input file:E:\iKnow\iKnow-master\AppScope\app.json5 cache by regenerate.
[2026-09-07T06:49:31.576] [DEBUG] debug-file - Update task entry:default@PreBuild input file:E:\iKnow\iKnow-master\entry\src\main\module.json5 cache by regenerate.
[2026-09-07T06:49:31.576] [DEBUG] debug-file - Update task entry:default@PreBuild input file:E:\iKnow\iKnow-master\build-profile.json5 cache by regenerate.
[2026-09-07T06:49:31.576] [DEBUG] debug-file - Update task entry:default@PreBuild input file:E:\iKnow\iKnow-master\entry\build-profile.json5 cache by regenerate.
[2026-09-07T06:49:31.577] [DEBUG] debug-file - Update task entry:default@PreBuild input file:E:\iKnow\iKnow-master\entry\src\main\resources\base\profile\main_pages.json cache by regenerate.
[2026-09-07T06:49:31.577] [DEBUG] debug-file - Update task entry:default@PreBuild input file:E:\iKnow\iKnow-master\hvigor\hvigor-config.json5 cache by regenerate.
[2026-09-07T06:49:31.577] [DEBUG] debug-file - Update task entry:default@PreBuild input file:E:\iKnow\iKnow-master\entry\oh-package.json5 cache by regenerate.
[2026-09-07T06:49:31.577] [DEBUG] debug-file - Update task entry:default@PreBuild input file:E:\iKnow\iKnow-master\oh-package.json5 cache by regenerate.
[2026-09-07T06:49:31.578] [DEBUG] debug-file - Incremental task entry:default@PreBuild post-execution cost:4 ms .
[2026-09-07T06:49:31.578] [DEBUG] debug-file - Update task entry:default@CreateModuleInfo output file:E:\iKnow\iKnow-master\entry\build\default\generated\profile\default\ModuleInfo.ts cache.
[2026-09-07T06:49:31.578] [DEBUG] debug-file - Incremental task entry:default@CreateModuleInfo post-execution cost:1 ms .
[2026-09-07T06:49:31.578] [DEBUG] debug-file - Update task entry:default@GenerateMetadata input file:E:\iKnow\iKnow-master\entry\src\main\module.json5 cache by regenerate.
[2026-09-07T06:49:31.578] [DEBUG] debug-file - Update task entry:default@GenerateMetadata output file:E:\iKnow\iKnow-master\entry\build\default\intermediates\hap_metadata\default\output_metadata.json cache.
[2026-09-07T06:49:31.580] [DEBUG] debug-file - Incremental task entry:default@GenerateMetadata post-execution cost:2 ms .
[2026-09-07T06:49:31.580] [DEBUG] debug-file - Update task entry:default@MergeProfile input file:E:\iKnow\iKnow-master\AppScope\app.json5 cache by regenerate.
[2026-09-07T06:49:31.580] [DEBUG] debug-file - Update task entry:default@MergeProfile input file:E:\iKnow\iKnow-master\build-profile.json5 cache by regenerate.
[2026-09-07T06:49:31.581] [DEBUG] debug-file - Update task entry:default@MergeProfile input file:E:\iKnow\iKnow-master\entry\src\main\module.json5 cache by regenerate.
[2026-09-07T06:49:31.581] [DEBUG] debug-file - Update task entry:default@MergeProfile output file:E:\iKnow\iKnow-master\entry\build\default\intermediates\merge_profile\default\module.json cache.
[2026-09-07T06:49:31.583] [DEBUG] debug-file - Incremental task entry:default@MergeProfile post-execution cost:4 ms .
[2026-09-07T06:49:31.583] [DEBUG] debug-file - Update task entry:default@CreateBuildProfile input file:E:\iKnow\iKnow-master\AppScope\app.json5 cache by regenerate.
[2026-09-07T06:49:31.584] [DEBUG] debug-file - Update task entry:default@CreateBuildProfile input file:E:\iKnow\iKnow-master\build-profile.json5 cache by regenerate.
[2026-09-07T06:49:31.584] [DEBUG] debug-file - Update task entry:default@CreateBuildProfile output file:E:\iKnow\iKnow-master\entry\build\default\generated\profile\default\BuildProfile.ets cache.
[2026-09-07T06:49:31.585] [DEBUG] debug-file - Incremental task entry:default@CreateBuildProfile post-execution cost:3 ms .
[2026-09-07T06:49:31.586] [DEBUG] debug-file - Update task entry:default@GeneratePkgContextInfo output file:E:\iKnow\iKnow-master\entry\build\default\intermediates\loader\default\pkgContextInfo.json cache.
[2026-09-07T06:49:31.587] [DEBUG] debug-file - Incremental task entry:default@GeneratePkgContextInfo post-execution cost:2 ms .
[2026-09-07T06:49:31.587] [DEBUG] debug-file - Update task entry:default@GeneratePkgSdkInfo output file:E:\iKnow\iKnow-master\entry\build\default\intermediates\loader\default\pkgSdkInfo.json cache.
[2026-09-07T06:49:31.588] [DEBUG] debug-file - Incremental task entry:default@GeneratePkgSdkInfo post-execution cost:1 ms .
[2026-09-07T06:49:31.588] [DEBUG] debug-file - Update task entry:default@ProcessIntegratedHsp output file:E:\iKnow\iKnow-master\build\cache\default\integrated_hsp\integratedHspCache.json cache.
[2026-09-07T06:49:31.588] [DEBUG] debug-file - Incremental task entry:default@ProcessIntegratedHsp post-execution cost:1 ms .
[2026-09-07T06:49:31.588] [DEBUG] debug-file - Update task entry:default@MakePackInfo input file:E:\iKnow\iKnow-master\AppScope\app.json5 cache by regenerate.
[2026-09-07T06:49:31.588] [DEBUG] debug-file - Update task entry:default@MakePackInfo input file:E:\iKnow\iKnow-master\entry\src\main\module.json5 cache by regenerate.
[2026-09-07T06:49:31.588] [DEBUG] debug-file - Update task entry:default@MakePackInfo input file:E:\iKnow\iKnow-master\build-profile.json5 cache by regenerate.
[2026-09-07T06:49:31.589] [DEBUG] debug-file - Update task entry:default@MakePackInfo output file:E:\iKnow\iKnow-master\entry\build\default\outputs\default\pack.info cache.
[2026-09-07T06:49:31.590] [DEBUG] debug-file - Incremental task entry:default@MakePackInfo post-execution cost:3 ms .
[2026-09-07T06:49:31.590] [DEBUG] debug-file - Update task entry:default@SyscapTransform input file:C:\Program Files\Huawei\DevEco Studio\sdk\default\openharmony\toolchains\syscap_tool.exe cache by regenerate.
[2026-09-07T06:49:31.590] [DEBUG] debug-file - Update task entry:default@SyscapTransform input file:C:\Program Files\Huawei\DevEco Studio\sdk\default\openharmony\ets\api\device-define cache by regenerate.
[2026-09-07T06:49:31.598] [DEBUG] debug-file - Update task entry:default@SyscapTransform output file:E:\iKnow\iKnow-master\entry\build\default\intermediates\syscap\default\rpcid.sc cache.
[2026-09-07T06:49:31.598] [DEBUG] debug-file - Incremental task entry:default@SyscapTransform post-execution cost:8 ms .
[2026-09-07T06:49:31.598] [DEBUG] debug-file - Update task entry:default@ProcessProfile input file:E:\iKnow\iKnow-master\entry\build\default\intermediates\merge_profile\default\module.json cache by regenerate.
[2026-09-07T06:49:31.600] [DEBUG] debug-file - Update task entry:default@ProcessProfile output file:E:\iKnow\iKnow-master\entry\build\default\intermediates\process_profile\default\module.json cache.
[2026-09-07T06:49:31.602] [DEBUG] debug-file - Incremental task entry:default@ProcessProfile post-execution cost:4 ms .
[2026-09-07T06:49:31.603] [DEBUG] debug-file - Update task entry:default@ProcessRouterMap input file:E:\iKnow\iKnow-master\entry\oh-package.json5 cache by regenerate.
[2026-09-07T06:49:31.604] [DEBUG] debug-file - Update task entry:default@ProcessRouterMap input file:E:\iKnow\iKnow-master\oh-package.json5 cache by regenerate.
[2026-09-07T06:49:31.604] [DEBUG] debug-file - Update task entry:default@ProcessRouterMap input file:E:\iKnow\iKnow-master\entry\src\main\module.json5 cache by regenerate.
[2026-09-07T06:49:31.604] [DEBUG] debug-file - Update task entry:default@ProcessRouterMap input file:E:\iKnow\iKnow-master\entry\build\default\intermediates\loader\default\pkgContextInfo.json cache by regenerate.
[2026-09-07T06:49:31.606] [DEBUG] debug-file - Update task entry:default@ProcessRouterMap output file:E:\iKnow\iKnow-master\entry\build\default\intermediates\router_map\default\temp-router-map.json cache.
[2026-09-07T06:49:31.607] [DEBUG] debug-file - Update task entry:default@ProcessRouterMap output file:E:\iKnow\iKnow-master\entry\build\default\intermediates\router_map\default\loader-router-map.json cache.
[2026-09-07T06:49:31.609] [DEBUG] debug-file - Incremental task entry:default@ProcessRouterMap post-execution cost:7 ms .
[2026-09-07T06:49:31.610] [DEBUG] debug-file - Update task entry:default@ProcessShareConfig input file:E:\iKnow\iKnow-master\entry\oh-package.json5 cache by regenerate.
[2026-09-07T06:49:31.610] [DEBUG] debug-file - Update task entry:default@ProcessShareConfig input file:E:\iKnow\iKnow-master\oh-package.json5 cache by regenerate.
[2026-09-07T06:49:31.610] [DEBUG] debug-file - Update task entry:default@ProcessShareConfig input file:E:\iKnow\iKnow-master\entry\src\main\module.json5 cache by regenerate.
[2026-09-07T06:49:31.611] [DEBUG] debug-file - Update task entry:default@ProcessShareConfig input file:E:\iKnow\iKnow-master\entry\build\default\intermediates\loader\default\pkgContextInfo.json cache by regenerate.
[2026-09-07T06:49:31.612] [DEBUG] debug-file - Update task entry:default@ProcessShareConfig output file:E:\iKnow\iKnow-master\entry\build\default\intermediates\share_config\default\temp-share-config.json cache.
[2026-09-07T06:49:31.614] [DEBUG] debug-file - Incremental task entry:default@ProcessShareConfig post-execution cost:6 ms .
[2026-09-07T06:49:31.615] [DEBUG] debug-file - Update task entry:default@ProcessStartupConfig input file:E:\iKnow\iKnow-master\entry\build\default\intermediates\loader\default\pkgContextInfo.json cache by regenerate.
[2026-09-07T06:49:31.617] [DEBUG] debug-file - Update task entry:default@ProcessStartupConfig output file:E:\iKnow\iKnow-master\entry\build\default\intermediates\startup\default\startup_config.json cache.
[2026-09-07T06:49:31.617] [DEBUG] debug-file - Incremental task entry:default@ProcessStartupConfig post-execution cost:3 ms .
[2026-09-07T06:49:31.617] [DEBUG] debug-file - Update task entry:default@ProcessResource output file:E:\iKnow\iKnow-master\entry\build\default\intermediates\res\default\resConfig.json cache.
[2026-09-07T06:49:31.619] [DEBUG] debug-file - Update task entry:default@ProcessResource output file:E:\iKnow\iKnow-master\entry\build\default\intermediates\res\default\opt-compression.json cache.
[2026-09-07T06:49:31.620] [DEBUG] debug-file - Incremental task entry:default@ProcessResource post-execution cost:4 ms .
[2026-09-07T06:49:31.627] [DEBUG] debug-file - Update task entry:default@GenerateLoaderJson input file:E:\iKnow\iKnow-master\entry\build\default\intermediates\loader\default\pkgContextInfo.json cache by regenerate.
[2026-09-07T06:49:31.628] [DEBUG] debug-file - Update task entry:default@GenerateLoaderJson input file:E:\iKnow\iKnow-master\entry\build\default\intermediates\router_map\default\temp-router-map.json cache by regenerate.
[2026-09-07T06:49:31.630] [DEBUG] debug-file - Update task entry:default@GenerateLoaderJson output file:E:\iKnow\iKnow-master\entry\build\default\intermediates\loader\default\loader.json cache.
[2026-09-07T06:49:31.631] [DEBUG] debug-file - Incremental task entry:default@GenerateLoaderJson post-execution cost:11 ms .
[2026-09-07T06:49:31.632] [DEBUG] debug-file - Update task entry:default@ProcessLibs input file:E:\iKnow\iKnow-master\build-profile.json5 cache by regenerate.
[2026-09-07T06:49:31.632] [DEBUG] debug-file - Update task entry:default@ProcessLibs input file:E:\iKnow\iKnow-master\entry\build-profile.json5 cache by regenerate.
[2026-09-07T06:49:31.632] [DEBUG] debug-file - Update task entry:default@ProcessLibs output file:E:\iKnow\iKnow-master\entry\build\default\intermediates\libs\default cache.
[2026-09-07T06:49:31.634] [DEBUG] debug-file - Incremental task entry:default@ProcessLibs post-execution cost:3 ms .
[2026-09-07T06:49:31.643] [DEBUG] debug-file - Update task entry:default@CompileResource input file:E:\iKnow\iKnow-master\entry\src\main\resources cache by regenerate.
[2026-09-07T06:49:31.645] [DEBUG] debug-file - Update task entry:default@CompileResource input file:E:\iKnow\iKnow-master\AppScope\resources cache by regenerate.
[2026-09-07T06:49:31.646] [DEBUG] debug-file - Update task entry:default@CompileResource input file:E:\iKnow\iKnow-master\entry\build\default\intermediates\process_profile\default\module.json cache by regenerate.
[2026-09-07T06:49:31.648] [DEBUG] debug-file - Update task entry:default@CompileResource input file:E:\iKnow\iKnow-master\entry\build\default\intermediates\res\default\resConfig.json cache by regenerate.
[2026-09-07T06:49:31.650] [DEBUG] debug-file - Update task entry:default@CompileResource output file:E:\iKnow\iKnow-master\entry\build\default\intermediates\res\default cache.
[2026-09-07T06:49:31.688] [DEBUG] debug-file - Update task entry:default@CompileResource output file:E:\iKnow\iKnow-master\entry\build\default\generated\r\default\ResourceTable.h cache.
[2026-09-07T06:49:31.690] [DEBUG] debug-file - Update task entry:default@CompileResource output file:E:\iKnow\iKnow-master\entry\build\default\generated\r\default\ResourceTable.ts cache.
[2026-09-07T06:49:31.692] [DEBUG] debug-file - Update task entry:default@CompileResource output file:E:\iKnow\iKnow-master\entry\build\default\generated\r\default cache.
[2026-09-07T06:49:31.697] [DEBUG] debug-file - Incremental task entry:default@CompileResource post-execution cost:64 ms .
[2026-09-07T06:49:31.697] [DEBUG] debug-file - Update task entry:default@DoNativeStrip input file:E:\iKnow\iKnow-master\entry\build\default\intermediates\libs\default cache by regenerate.
[2026-09-07T06:49:31.700] [DEBUG] debug-file - Update task entry:default@DoNativeStrip output file:E:\iKnow\iKnow-master\entry\build\default\intermediates\stripped_native_libs\default cache.
[2026-09-07T06:49:31.702] [DEBUG] debug-file - Incremental task entry:default@DoNativeStrip post-execution cost:5 ms .
[2026-09-07T06:49:31.711] [DEBUG] debug-file - Update task entry:default@CompileArkTS input file:E:\iKnow\iKnow-master\entry\build\default\intermediates\loader\default cache by regenerate.
[2026-09-07T06:49:31.717] [DEBUG] debug-file - Update task entry:default@CompileArkTS input file:E:\iKnow\iKnow-master\entry\build\default\intermediates\res\default\ResourceTable.txt cache by regenerate.
[2026-09-07T06:49:31.719] [DEBUG] debug-file - Update task entry:default@CompileArkTS input file:E:\iKnow\iKnow-master\entry\build\default\intermediates\res\default\ark_module.json cache by regenerate.
[2026-09-07T06:49:31.721] [DEBUG] debug-file - Update task entry:default@CompileArkTS input file:E:\iKnow\iKnow-master\entry\build\default\intermediates\res\default\resources\base\profile cache by regenerate.
[2026-09-07T06:49:31.725] [DEBUG] debug-file - Update task entry:default@CompileArkTS input file:E:\iKnow\iKnow-master\entry\src\main\ets cache by regenerate.
[2026-09-07T06:49:31.733] [DEBUG] debug-file - Update task entry:default@CompileArkTS input file:E:\iKnow\iKnow-master\entry\build\default\intermediates\loader\default\pkgContextInfo.json cache by regenerate.
[2026-09-07T06:49:31.735] [DEBUG] debug-file - Update task entry:default@CompileArkTS input file:E:\iKnow\iKnow-master\entry\build\default\generated\profile\default\BuildProfile.ets cache by regenerate.
[2026-09-07T06:49:31.736] [DEBUG] debug-file - Update task entry:default@CompileArkTS output file:E:\iKnow\iKnow-master\entry\build\default\intermediates\loader_out\default\ets cache.
[2026-09-07T06:49:31.739] [DEBUG] debug-file - Incremental task entry:default@CompileArkTS post-execution cost:37 ms .
[2026-09-07T06:49:31.745] [DEBUG] debug-file - Update task entry:default@BuildJS input file:E:\iKnow\iKnow-master\entry\build\default\intermediates\loader\default cache by regenerate.
[2026-09-07T06:49:31.751] [DEBUG] debug-file - Update task entry:default@BuildJS input file:E:\iKnow\iKnow-master\entry\build\default\intermediates\res\default\ResourceTable.txt cache by regenerate.
[2026-09-07T06:49:31.753] [DEBUG] debug-file - Update task entry:default@BuildJS input file:E:\iKnow\iKnow-master\entry\build\default\intermediates\res\default\ark_module.json cache by regenerate.
[2026-09-07T06:49:31.754] [DEBUG] debug-file - Update task entry:default@BuildJS input file:E:\iKnow\iKnow-master\entry\build\default\intermediates\res\default\resources\base\profile cache by regenerate.
[2026-09-07T06:49:31.758] [DEBUG] debug-file - Update task entry:default@BuildJS input file:E:\iKnow\iKnow-master\entry\build\default\intermediates\loader\default\pkgContextInfo.json cache by regenerate.
[2026-09-07T06:49:31.760] [DEBUG] debug-file - Update task entry:default@BuildJS output file:E:\iKnow\iKnow-master\entry\build\default\intermediates\loader_out\default\js cache.
[2026-09-07T06:49:31.760] [DEBUG] debug-file - Incremental task entry:default@BuildJS post-execution cost:22 ms .
[2026-09-07T06:49:31.761] [DEBUG] debug-file - Update task entry:default@CacheNativeLibs input file:E:\iKnow\iKnow-master\entry\build\default\intermediates\stripped_native_libs\default cache by regenerate.
[2026-09-07T06:49:31.763] [DEBUG] debug-file - Update task entry:default@CacheNativeLibs input file:E:\iKnow\iKnow-master\entry\build\default\intermediates\libs\default cache by regenerate.
[2026-09-07T06:49:31.765] [DEBUG] debug-file - Update task entry:default@CacheNativeLibs output file:E:\iKnow\iKnow-master\entry\build\default\intermediates\patch\default\base_native_libs.json cache.
[2026-09-07T06:49:31.767] [DEBUG] debug-file - Update task entry:default@CacheNativeLibs output file:E:\iKnow\iKnow-master\entry\build\default\intermediates\patch\default\binxo_native_libs.json cache.
[2026-09-07T06:49:31.768] [DEBUG] debug-file - Incremental task entry:default@CacheNativeLibs post-execution cost:8 ms .
[2026-09-07T06:49:31.906] [DEBUG] debug-file - session manager: send message to worker process.
[2026-09-07T06:49:31.906] [DEBUG] debug-file - session manager: send message to worker process.
[2026-09-07T06:49:31.907] [DEBUG] debug-file - Cleanup worker 0.
[2026-09-07T06:49:31.907] [DEBUG] debug-file - Worker 0 has been cleaned up.
[2026-09-07T06:49:31.907] [DEBUG] debug-file - Current idle worker size: 4.
[2026-09-07T06:49:31.907] [DEBUG] debug-file - Current resident worker size: 5.
[2026-09-07T06:49:31.908] [DEBUG] debug-file - Cleanup worker 1.
[2026-09-07T06:49:31.908] [DEBUG] debug-file - Worker 1 has been cleaned up.
[2026-09-07T06:49:31.908] [DEBUG] debug-file - Current idle worker size: 3.
[2026-09-07T06:49:31.908] [DEBUG] debug-file - Current resident worker size: 5.
[2026-09-07T06:49:31.908] [DEBUG] debug-file - Cleanup worker 18.
[2026-09-07T06:49:31.908] [DEBUG] debug-file - Worker 18 has been cleaned up.
[2026-09-07T06:49:31.908] [DEBUG] debug-file - Current idle worker size: 2.
[2026-09-07T06:49:31.908] [DEBUG] debug-file - Current resident worker size: 5.
[2026-09-07T06:49:31.908] [DEBUG] debug-file - Cleanup worker 17.
[2026-09-07T06:49:31.908] [DEBUG] debug-file - Worker 17 has been cleaned up.
[2026-09-07T06:49:31.908] [DEBUG] debug-file - Current idle worker size: 1.
[2026-09-07T06:49:31.908] [DEBUG] debug-file - Current resident worker size: 5.
[2026-09-07T06:49:31.909] [DEBUG] debug-file - hvigor build process will be closed.
[2026-09-07T06:49:31.910] [DEBUG] debug-file - watch worker: worker id should be larger than 0. Nothing will be sent to any worker thread.
[2026-09-07T06:49:31.911] [DEBUG] debug-file - watch worker: worker id should be larger than 0. Nothing will be sent to any worker thread.
[2026-09-07T06:49:31.912] [DEBUG] debug-file - worker[1] exits with exit code 1.
[2026-09-07T06:49:31.912] [DEBUG] debug-file - worker[0] exits with exit code 1.
[2026-09-07T06:49:31.915] [DEBUG] debug-file - worker[17] exits with exit code 1.
[2026-09-07T06:49:31.915] [DEBUG] debug-file - worker[18] exits with exit code 1.
[2026-09-07T06:58:21.276] [DEBUG] debug-file - env: nodejsVersion=v24.14.1
[2026-09-07T06:58:21.558] [DEBUG] debug-file - Hvigor init with startParameters:{
  hvigorfileTypeCheck: false,
  parallelExecution: true,
  incrementalExecution: true,
  printStackTrace: false,
  daemon: false,
  analyze: 0,
  logLevel: Level { level: 20000, levelStr: 'INFO', colour: 'green' },
  optimizationStrategy: 'memory',
  hotCompile: undefined,
  hotReloadBuild: undefined,
  customizedParam: undefined
}
[2026-09-07T06:58:23.072] [DEBUG] debug-file - hvigorfile, require result:  { default: { system: [Function: appTasks], plugins: [] } }
[2026-09-07T06:58:23.203] [DEBUG] debug-file - App plugin register hook start...
[2026-09-07T06:58:23.205] [DEBUG] debug-file - Start initialize project's product build option map with build mode debug.
[2026-09-07T06:58:23.075] [DEBUG] debug-file - Starting plugin build process
[2026-09-07T06:58:23.213] [DEBUG] debug-file - Obtain build option for product 'default'in this build.
[2026-09-07T06:58:23.230] [DEBUG] debug-file - Start recording SDK configuration permission data.
[2026-09-07T06:58:23.280] [DEBUG] debug-file - failed to load cangjie to dynamically generate schemas: Error: Cannot find module '@ohos/cangjie-build-support/index'
Require stack:
- C:\Program Files\Huawei\DevEco Studio\tools\hvigor\hvigor-ohos-plugin\src\plugin\hooks\cangjie-register.js
- C:\Program Files\Huawei\DevEco Studio\tools\hvigor\hvigor-ohos-plugin\src\plugin\strategy\stage-init-strategy.js
- C:\Program Files\Huawei\DevEco Studio\tools\hvigor\hvigor-ohos-plugin\src\plugin\builder\abstract-plugin-builder.js
- C:\Program Files\Huawei\DevEco Studio\tools\hvigor\hvigor-ohos-plugin\src\plugin\builder\app-plugin-builder.js
- C:\Program Files\Huawei\DevEco Studio\tools\hvigor\hvigor-ohos-plugin\src\plugin\factory\plugin-factory.js
- C:\Program Files\Huawei\DevEco Studio\tools\hvigor\hvigor-ohos-plugin\index.js
- E:\iKnow\iKnow-master\hvigorfile.ts
- C:\Program Files\Huawei\DevEco Studio\tools\hvigor\hvigor\src\base\internal\lifecycle\configuration.js
- C:\Program Files\Huawei\DevEco Studio\tools\hvigor\hvigor\src\base\boot\index.js
- C:\Program Files\Huawei\DevEco Studio\tools\hvigor\hvigor\src\cli\main\cli.js
- C:\Program Files\Huawei\DevEco Studio\tools\hvigor\hvigor\bin\hvigor.js
[2026-09-07T06:58:23.272] [DEBUG] debug-file - Project task initialization takes 14 ms 
[2026-09-07T06:58:23.303] [DEBUG] debug-file - start to load updatedOhPackageInfo to the disk
[2026-09-07T06:58:23.291] [DEBUG] debug-file - Start initialize module-target build option map, moduleName=entry, buildMode=debug
[2026-09-07T06:58:23.315] [DEBUG] debug-file - Start to initialize dependency information.
[2026-09-07T06:58:23.299] [DEBUG] debug-file - project has submodules:entry
[2026-09-07T06:58:23.491] [DEBUG] debug-file - Executing task :entry:default@GenerateMetadata
[2026-09-07T06:58:23.341] [DEBUG] debug-file - Executing task :entry:default@PreBuild
[2026-09-07T06:58:23.510] [DEBUG] debug-file - Executing task :entry:default@CreateBuildProfile
[2026-09-07T06:58:23.517] [DEBUG] debug-file - Executing task :entry:default@PreCheckSyscap
[2026-09-07T06:58:23.541] [DEBUG] debug-file - Executing task :entry:default@ProcessIntegratedHsp
[2026-09-07T06:58:23.522] [DEBUG] debug-file - Executing task :entry:default@GeneratePkgContextInfo
[2026-09-07T06:58:23.556] [DEBUG] debug-file - Executing task :entry:default@SyscapTransform
[2026-09-07T06:58:23.544] [DEBUG] debug-file - Executing task :entry:default@BuildNativeWithCmake
[2026-09-07T06:58:23.548] [DEBUG] debug-file - Executing task :entry:default@MakePackInfo
[2026-09-07T06:58:23.569] [DEBUG] debug-file - Executing task :entry:default@ProcessProfile
[2026-09-07T06:58:23.583] [DEBUG] debug-file - Executing task :entry:default@ProcessRouterMap
[2026-09-07T06:58:23.602] [DEBUG] debug-file - Executing task :entry:default@ProcessShareConfig
[2026-09-07T06:58:23.617] [DEBUG] debug-file - Executing task :entry:default@ProcessStartupConfig
[2026-09-07T06:58:23.640] [DEBUG] debug-file - Executing task :entry:default@ProcessResource
[2026-09-07T06:58:23.631] [DEBUG] debug-file - Executing task :entry:default@BuildNativeWithNinja
[2026-09-07T06:58:23.719] [DEBUG] debug-file - Executing task :entry:default@ProcessLibs
[2026-09-07T06:58:23.654] [DEBUG] debug-file - Executing task :entry:default@GenerateLoaderJson
[2026-09-07T06:58:23.728] [DEBUG] debug-file - Executing task :entry:default@CompileResource
[2026-09-07T06:58:23.818] [DEBUG] debug-file - Executing task :entry:default@DoNativeStrip
[2026-09-07T06:58:23.831] [DEBUG] debug-file - Executing task :entry:default@CompileArkTS
[2026-09-07T06:58:21.277] [DEBUG] debug-file - env: hvigor-config.json5 content = {
  modelVersion: '5.0.0',
  dependencies: {},
  execution: {},
  logging: {},
  debugging: {},
  nodeOptions: {}
}
[2026-09-07T06:58:21.568] [DEBUG] debug-file - Cache service initialization finished in 10 ms 
[2026-09-07T06:58:23.909] [DEBUG] debug-file - Create  resident worker with id: 0.
[2026-09-07T06:58:23.072] [DEBUG] debug-file - hvigorfile, binding system plugins [Function: appTasks]
[2026-09-07T06:58:23.203] [DEBUG] debug-file - App plugin register hook end...
[2026-09-07T06:58:23.925] [DEBUG] debug-file - Executing task :entry:default@BuildJS
[2026-09-07T06:58:23.205] [DEBUG] debug-file - Picking option from product 'default' with build mode 'debug'.
[2026-09-07T06:58:23.075] [DEBUG] debug-file - App plugin prepare start...
[2026-09-07T06:58:23.215] [DEBUG] debug-file - not found resModel json file in : E:\iKnow\iKnow-master\entry\src\ohosTest\module.json5
[2026-09-07T06:58:23.256] [DEBUG] debug-file - Sdk init in 35 ms 
[2026-09-07T06:58:23.950] [DEBUG] debug-file - Executing task :entry:default@CacheNativeLibs
[2026-09-07T06:58:23.272] [DEBUG] debug-file - hvigorfile, begin to bind custom plugins...
[2026-09-07T06:58:23.309] [DEBUG] debug-file - load to the disk finished
[2026-09-07T06:58:23.291] [DEBUG] debug-file - Target 'default' config initialized
[2026-09-07T06:58:23.319] [DEBUG] debug-file - Module entry Collected Dependency: 
[2026-09-07T06:58:23.492] [DEBUG] debug-file - Task 'entry:default@GenerateMetadata' cost while wrapping incremental declarations: 1 ms 
[2026-09-07T06:58:23.343] [WARN] debug-file - The project has not explicitly set the 'targetSdkVersion' version at build-profile.json5. It is recommended to configure it. Reference: https://developer.huawei.com/consumer/cn/doc/harmonyos-guides/ide-hvigor-build-profile-app#section45865492619
[2026-09-07T06:58:23.510] [DEBUG] debug-file - Task 'entry:default@CreateBuildProfile' cost while wrapping incremental declarations: 1 ms 
[2026-09-07T06:58:23.517] [DEBUG] debug-file - entry : default@PreCheckSyscap cost memory 0.016632080078125
[2026-09-07T06:58:23.541] [DEBUG] debug-file - entry:default@ProcessIntegratedHsp is not up-to-date, since the output file 'E:\iKnow\iKnow-master\build\cache\default\integrated_hsp\integratedHspCache.json' does not exist.
[2026-09-07T06:58:23.527] [DEBUG] debug-file - Task 'entry:default@GeneratePkgContextInfo' cost while wrapping incremental declarations: 1 ms 
[2026-09-07T06:58:23.556] [DEBUG] debug-file - File: 'E:\iKnow\iKnow-master\entry\src\main\syscap.json' from 'sysCapJsonPath' is not exists, just ignore.
[2026-09-07T06:58:23.544] [DEBUG] debug-file - entry : default@BuildNativeWithCmake cost memory 0.01445770263671875
[2026-09-07T06:58:23.553] [DEBUG] debug-file - Incremental task entry:default@MakePackInfo pre-execution cost: 4 ms .
[2026-09-07T06:58:23.572] [DEBUG] debug-file - Task 'entry:default@ProcessProfile' cost while wrapping incremental declarations: 1 ms 
[2026-09-07T06:58:23.597] [DEBUG] debug-file - Incremental task entry:default@ProcessRouterMap pre-execution cost: 13 ms .
[2026-09-07T06:58:23.617] [DEBUG] debug-file - Task 'entry:default@ProcessStartupConfig' cost while wrapping incremental declarations: 1 ms 
[2026-09-07T06:58:23.612] [DEBUG] debug-file - Incremental task entry:default@ProcessShareConfig pre-execution cost: 9 ms .
[2026-09-07T06:58:23.640] [DEBUG] debug-file - Task 'entry:default@ProcessResource' cost while wrapping incremental declarations: 1 ms 
[2026-09-07T06:58:23.632] [DEBUG] debug-file - entry : default@BuildNativeWithNinja cost memory 0.0218048095703125
[2026-09-07T06:58:23.719] [DEBUG] debug-file - Task 'entry:default@ProcessLibs' cost while wrapping incremental declarations: 1 ms 
[2026-09-07T06:58:23.659] [DEBUG] debug-file - Task 'entry:default@GenerateLoaderJson' cost while wrapping incremental declarations: 1 ms 
[2026-09-07T06:58:23.807] [DEBUG] debug-file - Incremental task entry:default@CompileResource pre-execution cost: 70 ms .
[2026-09-07T06:58:23.818] [DEBUG] debug-file - File: 'E:\iKnow\iKnow-master\entry\build\default\intermediates\binxo\default' from 'doBinxoNativeLibs' is not exists, just ignore.
[2026-09-07T06:58:21.278] [DEBUG] debug-file - env: daemon=false
[2026-09-07T06:58:23.832] [DEBUG] debug-file - obfuscationOptions: undefined
[2026-09-07T06:58:21.569] [DEBUG] debug-file - hvigorfile, resolving E:\iKnow\iKnow-master\hvigorfile.ts
[2026-09-07T06:58:23.911] [DEBUG] debug-file - Create  resident worker with id: 1.
[2026-09-07T06:58:23.203] [DEBUG] debug-file - Plugin build process completed
[2026-09-07T06:58:23.925] [DEBUG] debug-file - Task 'entry:default@BuildJS' cost while wrapping incremental declarations: 1 ms 
[2026-09-07T06:58:23.206] [DEBUG] debug-file - Product 'default' build option initialized
[2026-09-07T06:58:23.075] [DEBUG] debug-file - App plugin prepare end...
[2026-09-07T06:58:23.219] [DEBUG] debug-file - No signingConfig found, initRemoteHspCache failed.
[2026-09-07T06:58:23.952] [DEBUG] debug-file - File: 'E:\iKnow\iKnow-master\entry\build\default\intermediates\binxo\default' from 'cacheBinxoNativeLibs' is not exists, just ignore.
[2026-09-07T06:58:23.272] [DEBUG] debug-file - hvigorfile, no custom plugins were found in E:\iKnow\iKnow-master\hvigorfile.ts
[2026-09-07T06:58:23.311] [DEBUG] debug-file - Start to initialize dependency information.
[2026-09-07T06:58:23.291] [DEBUG] debug-file - Target 'ohosTest' config initialized
[2026-09-07T06:58:23.319] [DEBUG] debug-file - Module entry's total dependency: 0
[2026-09-07T06:58:23.495] [DEBUG] debug-file - Incremental task entry:default@GenerateMetadata pre-execution cost: 4 ms .
[2026-09-07T06:58:23.349] [DEBUG] debug-file - Task 'entry:default@PreBuild' cost while wrapping incremental declarations: 1 ms 
[2026-09-07T06:58:23.514] [DEBUG] debug-file - Incremental task entry:default@CreateBuildProfile pre-execution cost: 4 ms .
[2026-09-07T06:58:23.517] [DEBUG] debug-file - runTaskFromQueue task cost before running: 1 s 971 ms 
[2026-09-07T06:58:23.541] [DEBUG] debug-file - Incremental task entry:default@ProcessIntegratedHsp pre-execution cost: 1 ms .
[2026-09-07T06:58:23.530] [DEBUG] debug-file - Incremental task entry:default@GeneratePkgContextInfo pre-execution cost: 3 ms .
[2026-09-07T06:58:23.557] [DEBUG] debug-file - Task 'entry:default@SyscapTransform' cost while wrapping incremental declarations: 1 ms 
[2026-09-07T06:58:23.544] [DEBUG] debug-file - runTaskFromQueue task cost before running: 1 s 998 ms 
[2026-09-07T06:58:23.553] [DEBUG] debug-file - entry : default@MakePackInfo cost memory 0.1305389404296875
[2026-09-07T06:58:23.597] [DEBUG] debug-file - entry : default@ProcessRouterMap cost memory 0.14405059814453125
[2026-09-07T06:58:23.577] [DEBUG] debug-file - Incremental task entry:default@ProcessProfile pre-execution cost: 6 ms .
[2026-09-07T06:58:23.623] [DEBUG] debug-file - entry:default@ProcessStartupConfig is not up-to-date, since the output file 'E:\iKnow\iKnow-master\entry\build\default\intermediates\startup\default\startup_config.json' does not exist.
[2026-09-07T06:58:23.612] [DEBUG] debug-file - entry : default@ProcessShareConfig cost memory 0.13744354248046875
[2026-09-07T06:58:23.632] [DEBUG] debug-file - runTaskFromQueue task cost before running: 2 s 86 ms 
[2026-09-07T06:58:23.646] [DEBUG] debug-file - Incremental task entry:default@ProcessResource pre-execution cost: 6 ms .
[2026-09-07T06:58:23.724] [DEBUG] debug-file - Incremental task entry:default@ProcessLibs pre-execution cost: 4 ms .
[2026-09-07T06:58:23.807] [DEBUG] debug-file - entry : default@CompileResource cost memory 0.4587860107421875
[2026-09-07T06:58:23.701] [DEBUG] debug-file - Incremental task entry:default@GenerateLoaderJson pre-execution cost: 28 ms .
[2026-09-07T06:58:23.819] [DEBUG] debug-file - Task 'entry:default@DoNativeStrip' cost while wrapping incremental declarations: 2 ms 
[2026-09-07T06:58:23.834] [DEBUG] debug-file - Task 'entry:default@CompileArkTS' cost while wrapping incremental declarations: 1 ms 
[2026-09-07T06:58:21.279] [DEBUG] debug-file - no-daemon, use the parent process.execArgv --max-old-space-size=8192,--max-semi-space-size=16,--expose-gc
[2026-09-07T06:58:23.913] [DEBUG] debug-file - default@CompileArkTS work[0] is submitted.
[2026-09-07T06:58:23.945] [DEBUG] debug-file - entry : default@BuildJS cost memory 0.1354522705078125
[2026-09-07T06:58:23.206] [DEBUG] debug-file - End initialize project's product build option map with build mode 'debug'.
[2026-09-07T06:58:23.075] [DEBUG] debug-file - App plugin creating...
[2026-09-07T06:58:23.221] [DEBUG] debug-file - Local scan or download HarmonyOS sdk components toolchains,ets,js,native,previewer
[2026-09-07T06:58:23.954] [DEBUG] debug-file - Task 'entry:default@CacheNativeLibs' cost while wrapping incremental declarations: 4 ms 
[2026-09-07T06:58:23.272] [DEBUG] debug-file - hvigorfile, resolve finished E:\iKnow\iKnow-master\hvigorfile.ts
[2026-09-07T06:58:23.313] [DEBUG] debug-file - Module iKnow-master Collected Dependency: 
[2026-09-07T06:58:23.291] [DEBUG] debug-file - Module 'entry' target 'default' build option initialized
[2026-09-07T06:58:23.325] [DEBUG] debug-file - Configuration phase cost:1 s 758 ms 
[2026-09-07T06:58:23.495] [DEBUG] debug-file - entry : default@GenerateMetadata cost memory 0.1358489990234375
[2026-09-07T06:58:23.361] [DEBUG] debug-file - entry:default@PreBuild is not up-to-date, since the task snapshots are different.
[2026-09-07T06:58:23.514] [DEBUG] debug-file - entry : default@CreateBuildProfile cost memory 0.109954833984375
[2026-09-07T06:58:23.517] [INFO] debug-file - Finished :entry:default@PreCheckSyscap... after 1 ms 
[2026-09-07T06:58:23.541] [DEBUG] debug-file - entry : default@ProcessIntegratedHsp cost memory 0.0504608154296875
[2026-09-07T06:58:23.530] [DEBUG] debug-file - entry : default@GeneratePkgContextInfo cost memory 0.31587982177734375
[2026-09-07T06:58:23.564] [DEBUG] debug-file - entry:default@SyscapTransform is not up-to-date, since the output file 'E:\iKnow\iKnow-master\entry\build\default\intermediates\syscap\default\rpcid.sc' does not exist.
[2026-09-07T06:58:23.544] [INFO] debug-file - Finished :entry:default@BuildNativeWithCmake... after 1 ms 
[2026-09-07T06:58:23.553] [INFO] debug-file - UP-TO-DATE :entry:default@MakePackInfo...  
[2026-09-07T06:58:23.599] [INFO] debug-file - UP-TO-DATE :entry:default@ProcessRouterMap...  
[2026-09-07T06:58:23.578] [DEBUG] debug-file - entry : default@ProcessProfile cost memory 0.13719940185546875
[2026-09-07T06:58:23.623] [DEBUG] debug-file - Incremental task entry:default@ProcessStartupConfig pre-execution cost: 5 ms .
[2026-09-07T06:58:23.614] [INFO] debug-file - UP-TO-DATE :entry:default@ProcessShareConfig...  
[2026-09-07T06:58:23.633] [INFO] debug-file - Finished :entry:default@BuildNativeWithNinja... after 1 ms 
[2026-09-07T06:58:23.646] [DEBUG] debug-file - entry : default@ProcessResource cost memory 0.12842559814453125
[2026-09-07T06:58:23.724] [DEBUG] debug-file - entry : default@ProcessLibs cost memory 0.1095123291015625
[2026-09-07T06:58:23.815] [INFO] debug-file - UP-TO-DATE :entry:default@CompileResource...  
[2026-09-07T06:58:23.702] [DEBUG] debug-file - entry : default@GenerateLoaderJson cost memory 0.8334732055664062
[2026-09-07T06:58:23.826] [DEBUG] debug-file - Incremental task entry:default@DoNativeStrip pre-execution cost: 7 ms .
[2026-09-07T06:58:23.894] [DEBUG] debug-file - build config:
[2026-09-07T06:58:23.914] [DEBUG] debug-file - default@CompileArkTS work[0] is pushed to ready queue.
[2026-09-07T06:58:23.945] [DEBUG] debug-file - runTaskFromQueue task cost before running: 2 s 399 ms 
[2026-09-07T06:58:23.224] [DEBUG] debug-file - Local scan or download hmscore sdk components toolchains,ets,native
[2026-09-07T06:58:23.968] [DEBUG] debug-file - Incremental task entry:default@CacheNativeLibs pre-execution cost: 14 ms .
[2026-09-07T06:58:23.272] [DEBUG] debug-file - hvigorfile, resolving E:\iKnow\iKnow-master\entry\hvigorfile.ts
[2026-09-07T06:58:23.313] [DEBUG] debug-file - Module iKnow-master's total dependency: 0
[2026-09-07T06:58:23.291] [DEBUG] debug-file - Module 'entry' target 'ohosTest' build option initialized
[2026-09-07T06:58:23.327] [DEBUG] debug-file - Configuration task cost before running: 1 s 781 ms 
[2026-09-07T06:58:23.496] [INFO] debug-file - UP-TO-DATE :entry:default@GenerateMetadata...  
[2026-09-07T06:58:23.514] [INFO] debug-file - UP-TO-DATE :entry:default@CreateBuildProfile...  
[2026-09-07T06:58:23.361] [DEBUG] debug-file - Incremental task entry:default@PreBuild pre-execution cost: 8 ms .
[2026-09-07T06:58:23.541] [DEBUG] debug-file - runTaskFromQueue task cost before running: 1 s 995 ms 
[2026-09-07T06:58:23.564] [DEBUG] debug-file - Incremental task entry:default@SyscapTransform pre-execution cost: 8 ms .
[2026-09-07T06:58:23.530] [INFO] debug-file - UP-TO-DATE :entry:default@GeneratePkgContextInfo...  
[2026-09-07T06:58:23.578] [INFO] debug-file - UP-TO-DATE :entry:default@ProcessProfile...  
[2026-09-07T06:58:23.636] [DEBUG] debug-file - restool module names: entry; moduleName=entry, taskName=default@ProcessResource
[2026-09-07T06:58:23.626] [DEBUG] debug-file - entry : default@ProcessStartupConfig cost memory 0.1209716796875
[2026-09-07T06:58:23.650] [INFO] debug-file - UP-TO-DATE :entry:default@ProcessResource...  
[2026-09-07T06:58:23.725] [INFO] debug-file - UP-TO-DATE :entry:default@ProcessLibs...  
[2026-09-07T06:58:23.826] [DEBUG] debug-file - entry : default@DoNativeStrip cost memory 0.22888946533203125
[2026-09-07T06:58:23.716] [INFO] debug-file - UP-TO-DATE :entry:default@GenerateLoaderJson...  
[2026-09-07T06:58:23.895] [DEBUG] debug-file - {
  moduleType: 'entry',
  perf: 0,
  targetName: '.default',
  packageManagerType: 'ohpm',
  localPropertiesPath: 'E:\\iKnow\\iKnow-master\\local.properties',
  isPreview: false,
  isOhosTest: false,
  isLocalTest: false,
  buildMode: 'Debug',
  hotReloadBuild: undefined,
  watchMode: 'false',
  aceProfilePath: 'E:\\iKnow\\iKnow-master\\entry\\build\\default\\intermediates\\res\\default\\resources\\base\\profile',
  etsLoaderPath: 'C:\\Program Files\\Huawei\\DevEco Studio\\sdk\\default\\openharmony\\ets\\build-tools\\ets-loader',
  modulePath: 'E:\\iKnow\\iKnow-master\\entry',
  testFrameworkPar: {
    testMode: undefined,
    coveragePathFilter: undefined,
    coverageMode: undefined
  },
  needCoverageInsert: false,
  debugLine: false,
  projectTopDir: 'E:\\iKnow\\iKnow-master',
  compileSdkVersion: 26,
  compatibleSdkVersion: 12,
  originCompatibleSdkVersion: '5.0.0(12)',
  compatibleSdkVersionStage: 'beta1',
  bundleName: 'c***y',
  etsLoaderVersion: '26.0.0.23',
  etsLoaderReleaseType: 'Beta1',
  aotCompileMode: 'type',
  apPath: 'E:\\iKnow\\iKnow-master\\entry\\modules.ap',
  entryModuleName: 'entry',
  entryModuleVersion: '1.0.0',
  entryPackageName: 'entry',
  allModuleNameHash: '9e2cd9dbe4d2de2c7d9a521a1062629c59bd6690a450363726bfce7d5edf6a1a',
  externalApiPaths: [
    'C:\\Program Files\\Huawei\\DevEco Studio\\sdk\\default\\hms\\ets'
  ],
  compilerTypes: [],
  isCrossplatform: false,
  hvigorPluginFile: undefined,
  compilePluginPath: undefined,
  buildGeneratedProfilePath: 'E:\\iKnow\\iKnow-master\\entry\\build\\default\\generated\\profile\\default',
  bundleType: 'app',
  arkTSVersion: undefined,
  apiVersion: 26,
  needCompleteSourcesMap: false,
  isFaMode: false,
  buildDir: 'E:\\iKnow\\iKnow-master\\entry\\build',
  deviceTypes: [ 'phone', 'tablet' ],
  pkgContextInfo: {
    entry: {
      packageName: 'entry',
      bundleName: '*****',
      moduleName: '',
      version: '',
      entryPath: 'src/main/',
      isSO: false,
      dependencyAlias: ''
    }
  },
  ohPackagePathMap: {},
  dependencyAliasMap: {},
  permission: { requestPermissions: undefined, definePermissions: undefined },
  useGetCurrentBundleName: false,
  projectArkOption: undefined,
  sourceMapDir: undefined,
  branchElimination: false,
  transformLib: undefined,
  tsImportSendable: false,
  resolveConflictMode: true,
  depName2RootPath: {},
  depName2DepInfo: {},
  depName2OhExports: {},
  rootPathSet: [ 'E:\\iKnow\\iKnow-master' ],
  useNativeResolver: true,
  shouldEmitJs: true,
  useUnifiedAst: false,
  useTscResolve: false,
  singleFileEmit: false,
  userProjectConfig: {
    autoLazyImport: false,
    allowEmptyBundleName: false,
    reExportCheckMode: 'noCheck',
    executionMode: 'memory',
    usePathPlaceholder: false,
    writeRollupCache: true,
    isExpandImportEnabled: false,
    expandImportExclude: '',
    lazyImportExclude: '',
    lazyImportInclude: '',
    ignoreCrossplatformCheck: false,
    isHarDeduplicateEnabled: false,
    skipOhModulesLint: false,
    enableStrictCheckOHModule: false,
    disableSendableCheckRules: [],
    useDeclarationFileSignature: false,
    customizedOptions: undefined,
    integratedHsp: false,
    tsImportSoCheck: false,
    isPreloadSoEnabled: false
  },
  executionMode: 'memory',
  arkCompileCachePath: 'E:\\iKnow\\iKnow-master\\entry\\build\\default\\cache\\default\\default@CompileArkTS\\esmodule',
  autoLazyFilter: undefined,
  isHarDeduplicateEnabled: false,
  intermediateHarDuplicateDirPath: 'E:\\iKnow\\iKnow-master\\entry\\build\\default\\intermediates\\har_duplicate\\default',
  autoLazyImport: false,
  allowEmptyBundleName: false,
  reExportCheckMode: 'noCheck',
  usePathPlaceholder: false,
  writeRollupCache: true,
  isExpandImportEnabled: false,
  expandImportExclude: '',
  lazyImportExclude: '',
  lazyImportInclude: '',
  ignoreCrossplatformCheck: false,
  skipOhModulesLint: false,
  enableStrictCheckOHModule: false,
  disableSendableCheckRules: [],
  useDeclarationFileSignature: false,
  customizedOptions: undefined,
  integratedHsp: false,
  tsImportSoCheck: false,
  isPreloadSoEnabled: false,
  strictMode: {
    caseSensitiveCheck: true,
    useNormalizedOHMUrl: true,
    noExternalImportByPath: true
  },
  useNormalizedOHMUrl: true,
  caseSensitiveCheck: true,
  strictCheckerOnly: false,
  aceModuleJsonPath: 'E:\\iKnow\\iKnow-master\\entry\\build\\default\\intermediates\\res\\default\\ark_module.json',
  appResource: 'E:\\iKnow\\iKnow-master\\entry\\build\\default\\intermediates\\res\\default\\ResourceTable.txt',
  rawFileResource: 'E:\\iKnow\\iKnow-master\\entry\\build\\default\\intermediates\\res\\default\\resources\\rawfile',
  resourceTableHash: 'cf357d36ca3490c26a74c6b4a85d12ba36963a766ec4780d737af925b2517982',
  runtimeOS: 'HarmonyOS',
  sdkInfo: 'false:26:26.0.0.23:Beta1',
  aceModuleRoot: 'E:\\iKnow\\iKnow-master\\entry\\src\\main\\ets',
  compileMode: 'esmodule',
  aceSuperVisualPath: 'E:\\iKnow\\iKnow-master\\entry\\src\\main\\supervisual',
  aceBuildJson: 'E:\\iKnow\\iKnow-master\\entry\\build\\default\\intermediates\\loader\\default\\loader.json',
  cachePath: 'E:\\iKnow\\iKnow-master\\entry\\build\\default\\cache\\default\\default@CompileArkTS\\esmodule\\debug',
  aceModuleBuild: 'E:\\iKnow\\iKnow-master\\entry\\build\\default\\intermediates\\loader_out\\default\\ets',
  supportChunks: true,
  declaredFilesPath: undefined,
  shouldCollectDirectImportees: false,
  isByteCodeHarOptimize: false,
  expandImportPath: undefined,
  resourceTableTs: 'E:\\iKnow\\iKnow-master\\entry\\build\\default\\generated\\r\\default\\ResourceTable.ts',
  moduleMetaInfoFiles: [
    {
      filePath: 'E:\\iKnow\\iKnow-master\\entry\\build\\default\\generated\\r\\default\\ResourceTable.ts',
      ohmurl: '&entry/build/generated/r/ResourceTable&'
    }
  ],
  pkgNameToPkgBriefInfo: {
    entry: {
      pkgRoot: 'E:\\iKnow\\iKnow-master\\entry',
      originalSourceRoots: undefined,
      sourceRoots: [Array],
      pkgName: 'entry'
    }
  },
  projectModel: {
    'E:\\iKnow\\iKnow-master\\entry\\src\\main': {
      moduleName: 'entry',
      modulePkgPath: 'E:\\iKnow\\iKnow-master\\entry',
      belongProjectPath: 'E:\\iKnow\\iKnow-master'
    },
    'E:\\iKnow\\iKnow-master\\entry\\.test\\default\\intermediates\\src\\ohosTest\\ets': {
      moduleName: 'entry',
      modulePkgPath: 'E:\\iKnow\\iKnow-master\\entry',
      belongProjectPath: 'E:\\iKnow\\iKnow-master'
    },
    'E:\\iKnow\\iKnow-master\\entry\\src\\ohosTest': {
      moduleName: 'entry',
      modulePkgPath: 'E:\\iKnow\\iKnow-master\\entry',
      belongProjectPath: 'E:\\iKnow\\iKnow-master'
    },
    'E:\\iKnow\\iKnow-master\\entry': {
      moduleName: 'entry',
      modulePkgPath: 'E:\\iKnow\\iKnow-master\\entry',
      belongProjectPath: 'E:\\iKnow\\iKnow-master'
    },
    'E:\\iKnow\\iKnow-master': {
      moduleName: 'iKnow-master',
      modulePkgPath: 'E:\\iKnow\\iKnow-master',
      belongProjectPath: 'E:\\iKnow\\iKnow-master'
    }
  },
  pkgJsonFileHash: 'e387bcfe9056d30f133e1aeefed9758979ebfe630c8670995a1a208e1f73fae5',
  allModulePaths: [ 'E:\\iKnow\\iKnow-master\\entry' ],
  routerMap: {},
  obfuscationOptions: undefined,
  byteCodeHarToDependencyKeys: undefined,
  compileBlockPkg: [],
  mockParams: {
    decorator: '@MockSetup',
    packageName: '@ohos/hamock',
    etsSourceRootPath: 'src/main/ets',
    mockConfigPath: undefined,
    mockConfigKey2ModuleInfo: {},
    source2ModuleIdMap: {}
  },
  copyCodeResourceEnable: true,
  copyCodeResourceExcludes: [],
  copyCodeResourceIncludes: undefined,
  uiTransformOptimization: false,
  sdkPath: 'C:/Program Files/Huawei/DevEco Studio/sdk',
  needPreloadSoFileSet: {},
  preloadSoFilePath: 'E:\\iKnow\\iKnow-master\\entry\\build\\default\\intermediates\\preload\\default\\preload.json',
  useSourceHash: false,
  localModuleParamMap: {},
  otherPaths: {
    'entry/*': [
      '..\\*',
      '..\\..\\..\\build\\default\\generated\\profile\\default\\*'
    ]
  },
  collectImportersConfig: undefined
}
[2026-09-07T06:58:23.915] [DEBUG] debug-file - A work dispatched to worker[19] failed because unable to get work from ready queue.
[2026-09-07T06:58:23.945] [INFO] debug-file - Finished :entry:default@BuildJS... after 20 ms 
[2026-09-07T06:58:23.968] [DEBUG] debug-file - entry : default@CacheNativeLibs cost memory -14.061683654785156
[2026-09-07T06:58:23.278] [DEBUG] debug-file - hvigorfile, require result:  { default: { system: [Function: hapTasks], plugins: [] } }
[2026-09-07T06:58:23.291] [DEBUG] debug-file - End initialize module-target build option map, moduleName=entry
[2026-09-07T06:58:23.498] [DEBUG] debug-file - Executing task :entry:default@ConfigureCmake
[2026-09-07T06:58:23.480] [DEBUG] debug-file - current product is not Atomic service.
[2026-09-07T06:58:23.541] [INFO] debug-file - Finished :entry:default@ProcessIntegratedHsp... after 1 ms 
[2026-09-07T06:58:23.565] [DEBUG] debug-file - entry : default@SyscapTransform cost memory 0.13451385498046875
[2026-09-07T06:58:23.532] [DEBUG] debug-file - Executing task :entry:default@GeneratePkgSdkInfo
[2026-09-07T06:58:23.626] [DEBUG] debug-file - runTaskFromQueue task cost before running: 2 s 80 ms 
[2026-09-07T06:58:23.727] [DEBUG] debug-file - restool module names: entry; moduleName=entry, taskName=default@CompileResource
[2026-09-07T06:58:23.826] [INFO] debug-file - UP-TO-DATE :entry:default@DoNativeStrip...  
[2026-09-07T06:58:23.895] [DEBUG] debug-file - Compile arkts with external api path: C:\Program Files\Huawei\DevEco Studio\sdk\default\hms\ets
[2026-09-07T06:58:23.915] [DEBUG] debug-file - A work dispatched to worker[18] failed because unable to get work from ready queue.
[2026-09-07T06:58:23.969] [INFO] debug-file - UP-TO-DATE :entry:default@CacheNativeLibs...  
[2026-09-07T06:58:23.278] [DEBUG] debug-file - hvigorfile, binding system plugins [Function: hapTasks]
[2026-09-07T06:58:23.291] [DEBUG] debug-file - Start initialize module-target build option map, moduleName=entry, buildMode=release
[2026-09-07T06:58:23.498] [DEBUG] debug-file - entry : default@ConfigureCmake cost memory 0.012664794921875
[2026-09-07T06:58:23.480] [DEBUG] debug-file - Use tool [win32: JAVA_HOME, CLASSPATH]
 [
  { JAVA_HOME: 'C:\\Program Files\\Java\\jdk-23' },
  { CLASSPATH: undefined }
]
[2026-09-07T06:58:23.565] [DEBUG] debug-file - runTaskFromQueue task cost before running: 2 s 18 ms 
[2026-09-07T06:58:23.534] [DEBUG] debug-file - Task 'entry:default@GeneratePkgSdkInfo' cost while wrapping incremental declarations: 1 ms 
[2026-09-07T06:58:23.628] [INFO] debug-file - Finished :entry:default@ProcessStartupConfig... after 10 ms 
[2026-09-07T06:58:23.907] [DEBUG] debug-file - Since there is no instance or instance is terminated, create a new worker pool.
[2026-09-07T06:58:23.915] [DEBUG] debug-file - A work dispatched to worker[17] failed because unable to get work from ready queue.
[2026-09-07T06:58:23.278] [DEBUG] debug-file - Starting plugin build process
[2026-09-07T06:58:23.291] [DEBUG] debug-file - Target 'default' config initialized
[2026-09-07T06:58:23.498] [DEBUG] debug-file - runTaskFromQueue task cost before running: 1 s 952 ms 
[2026-09-07T06:58:23.480] [DEBUG] debug-file - Use tool [win32: NODE_HOME]
 [ { NODE_HOME: undefined } ]
[2026-09-07T06:58:23.535] [DEBUG] debug-file - entry : default@GeneratePkgSdkInfo cost memory 0.0921630859375
[2026-09-07T06:58:23.565] [INFO] debug-file - Finished :entry:default@SyscapTransform... after 9 ms 
[2026-09-07T06:58:23.907] [DEBUG] debug-file - Worker pool is initialized with config:  {
  minPoolNum: 2,
  maxPoolNum: undefined,
  maxCoreSize: undefined,
  cacheCapacity: undefined,
  cacheTtl: undefined
}
[2026-09-07T06:58:23.915] [DEBUG] debug-file - A work dispatched to worker[16] failed because unable to get work from ready queue.
[2026-09-07T06:58:23.278] [DEBUG] debug-file - Hap plugin creating...
[2026-09-07T06:58:23.292] [DEBUG] debug-file - Target 'ohosTest' config initialized
[2026-09-07T06:58:23.498] [INFO] debug-file - Finished :entry:default@ConfigureCmake... after 1 ms 
[2026-09-07T06:58:23.481] [DEBUG] debug-file - entry : default@PreBuild cost memory -4.165557861328125
[2026-09-07T06:58:23.535] [DEBUG] debug-file - runTaskFromQueue task cost before running: 1 s 989 ms 
[2026-09-07T06:58:23.915] [DEBUG] debug-file - A work dispatched to worker[15] failed because unable to get work from ready queue.
[2026-09-07T06:58:23.292] [DEBUG] debug-file - Module 'entry' target 'default' build option initialized
[2026-09-07T06:58:23.500] [DEBUG] debug-file - Executing task :entry:default@MergeProfile
[2026-09-07T06:58:23.535] [INFO] debug-file - Finished :entry:default@GeneratePkgSdkInfo... after 3 ms 
[2026-09-07T06:58:23.481] [DEBUG] debug-file - runTaskFromQueue task cost before running: 1 s 935 ms 
[2026-09-07T06:58:23.915] [DEBUG] debug-file - A work dispatched to worker[14] failed because unable to get work from ready queue.
[2026-09-07T06:58:23.292] [DEBUG] debug-file - Module 'entry' target 'ohosTest' build option initialized
[2026-09-07T06:58:23.500] [DEBUG] debug-file - Task 'entry:default@MergeProfile' cost while wrapping incremental declarations: 1 ms 
[2026-09-07T06:58:23.484] [INFO] debug-file - Finished :entry:default@PreBuild... after 140 ms 
[2026-09-07T06:58:23.915] [DEBUG] debug-file - A work dispatched to worker[13] failed because unable to get work from ready queue.
[2026-09-07T06:58:23.292] [DEBUG] debug-file - End initialize module-target build option map, moduleName=entry
[2026-09-07T06:58:23.505] [DEBUG] debug-file - Incremental task entry:default@MergeProfile pre-execution cost: 5 ms .
[2026-09-07T06:58:23.486] [DEBUG] debug-file - Executing task :entry:default@CreateModuleInfo
[2026-09-07T06:58:23.915] [DEBUG] debug-file - A work dispatched to worker[12] failed because unable to get work from ready queue.
[2026-09-07T06:58:23.292] [DEBUG] debug-file - Start initialize module-target build option map, moduleName=entry, buildMode=debug
[2026-09-07T06:58:23.505] [DEBUG] debug-file - entry : default@MergeProfile cost memory 0.13260650634765625
[2026-09-07T06:58:23.486] [DEBUG] debug-file - Task 'entry:default@CreateModuleInfo' cost while wrapping incremental declarations: 1 ms 
[2026-09-07T06:58:23.915] [DEBUG] debug-file - A work dispatched to worker[11] failed because unable to get work from ready queue.
[2026-09-07T06:58:23.292] [DEBUG] debug-file - Target 'default' config initialized
[2026-09-07T06:58:23.505] [INFO] debug-file - UP-TO-DATE :entry:default@MergeProfile...  
[2026-09-07T06:58:23.487] [DEBUG] debug-file - entry : default@CreateModuleInfo cost memory 0.042999267578125
[2026-09-07T06:58:23.292] [DEBUG] debug-file - Target 'ohosTest' config initialized
[2026-09-07T06:58:23.915] [DEBUG] debug-file - A work dispatched to worker[10] failed because unable to get work from ready queue.
[2026-09-07T06:58:23.292] [DEBUG] debug-file - Module 'entry' target 'default' build option initialized
[2026-09-07T06:58:23.487] [DEBUG] debug-file - runTaskFromQueue task cost before running: 1 s 941 ms 
[2026-09-07T06:58:23.915] [DEBUG] debug-file - A work dispatched to worker[9] failed because unable to get work from ready queue.
[2026-09-07T06:58:23.292] [DEBUG] debug-file - Module 'entry' target 'ohosTest' build option initialized
[2026-09-07T06:58:23.487] [INFO] debug-file - Finished :entry:default@CreateModuleInfo... after 1 ms 
[2026-09-07T06:58:23.915] [DEBUG] debug-file - A work dispatched to worker[8] failed because unable to get work from ready queue.
[2026-09-07T06:58:23.292] [DEBUG] debug-file - End initialize module-target build option map, moduleName=entry
[2026-09-07T06:58:23.915] [DEBUG] debug-file - A work dispatched to worker[7] failed because unable to get work from ready queue.
[2026-09-07T06:58:23.292] [DEBUG] debug-file - Obtain build option for module 'entry' target 'default'in this build.
[2026-09-07T06:58:23.915] [DEBUG] debug-file - A work dispatched to worker[6] failed because unable to get work from ready queue.
[2026-09-07T06:58:23.297] [DEBUG] debug-file - Module entry task initialization takes 3 ms 
[2026-09-07T06:58:23.915] [DEBUG] debug-file - A work dispatched to worker[5] failed because unable to get work from ready queue.
[2026-09-07T06:58:23.297] [DEBUG] debug-file - Hap plugin register hook start...
[2026-09-07T06:58:23.915] [DEBUG] debug-file - Create  resident worker with id: 4.
[2026-09-07T06:58:23.297] [DEBUG] debug-file - Hap plugin register hook end...
[2026-09-07T06:58:23.916] [DEBUG] debug-file - default@CompileArkTS work[0] has been dispatched to worker[4].
[2026-09-07T06:58:23.297] [DEBUG] debug-file - Plugin build process completed
[2026-09-07T06:58:23.916] [DEBUG] debug-file - default@CompileArkTS work[0] is dispatched.
[2026-09-07T06:58:23.916] [DEBUG] debug-file - CopyResources startTime: 31319573615300
[2026-09-07T06:58:23.297] [DEBUG] debug-file - hvigorfile, begin to bind custom plugins...
[2026-09-07T06:58:23.916] [DEBUG] debug-file - default@CompileArkTS work[1] is submitted.
[2026-09-07T06:58:23.297] [DEBUG] debug-file - hvigorfile, no custom plugins were found in E:\iKnow\iKnow-master\entry\hvigorfile.ts
[2026-09-07T06:58:23.916] [DEBUG] debug-file - default@CompileArkTS work[1] is pushed to ready queue.
[2026-09-07T06:58:23.297] [DEBUG] debug-file - hvigorfile, resolve finished E:\iKnow\iKnow-master\entry\hvigorfile.ts
[2026-09-07T06:58:23.916] [DEBUG] debug-file - A work dispatched to worker[19] failed because unable to get work from ready queue.
[2026-09-07T06:58:23.916] [DEBUG] debug-file - Create  resident worker with id: 18.
[2026-09-07T06:58:23.917] [DEBUG] debug-file - default@CompileArkTS work[1] has been dispatched to worker[18].
[2026-09-07T06:58:23.917] [DEBUG] debug-file - default@CompileArkTS work[1] is dispatched.
[2026-09-07T06:58:23.917] [DEBUG] debug-file - entry : default@CompileArkTS cost memory 1.9566268920898438
[2026-09-07T06:58:24.632] [DEBUG] debug-file - worker[18] has one work done.
[2026-09-07T06:58:24.632] [DEBUG] debug-file - CopyResources is end, endTime: 31320289437400
[2026-09-07T06:58:24.632] [DEBUG] debug-file - default@CompileArkTS work[1] done.
[2026-09-07T06:58:24.632] [DEBUG] debug-file - A work dispatched to worker[18] failed because unable to get work from ready queue.
[2026-09-07T06:58:34.572] [WARN] debug-file - [33mWARN: [33m[33mArkTS:WARN File: E:/iKnow/iKnow-master/entry/src/main/ets/services/StorageService.ets:43:38
 Function may throw exceptions. Special handling is required.
[39m[39m
[33mWARN: [33m[33mArkTS:WARN File: E:/iKnow/iKnow-master/entry/src/main/ets/services/StorageService.ets:48:22
 Function may throw exceptions. Special handling is required.
[39m[39m
[33mWARN: [33m[33mArkTS:WARN File: E:/iKnow/iKnow-master/entry/src/main/ets/services/StorageService.ets:50:22
 Function may throw exceptions. Special handling is required.
[39m[39m
[33mWARN: [33m[33mArkTS:WARN File: E:/iKnow/iKnow-master/entry/src/main/ets/services/StorageService.ets:52:22
 Function may throw exceptions. Special handling is required.
[39m[39m
[33mWARN: [33m[33mArkTS:WARN File: E:/iKnow/iKnow-master/entry/src/main/ets/services/StorageService.ets:56:22
 Function may throw exceptions. Special handling is required.
[39m[39m
[33mWARN: [33m[33mArkTS:WARN File: E:/iKnow/iKnow-master/entry/src/main/ets/services/StorageService.ets:61:22
 Function may throw exceptions. Special handling is required.
[39m[39m
[33mWARN: [33m[33mArkTS:WARN File: E:/iKnow/iKnow-master/entry/src/main/ets/services/StorageService.ets:63:22
 Function may throw exceptions. Special handling is required.
[39m[39m
[33mWARN: [33m[33mArkTS:WARN File: E:/iKnow/iKnow-master/entry/src/main/ets/services/StorageService.ets:67:22
 Function may throw exceptions. Special handling is required.
[39m[39m
[33mWARN: [33m[33mArkTS:WARN File: E:/iKnow/iKnow-master/entry/src/main/ets/services/StorageService.ets:76:18
 Function may throw exceptions. Special handling is required.
[39m[39m
[33mWARN: [33m[33mArkTS:WARN File: E:/iKnow/iKnow-master/entry/src/main/ets/services/StorageService.ets:77:24
 Function may throw exceptions. Special handling is required.
[39m[39m
[33mWARN: [33m[33mArkTS:WARN File: E:/iKnow/iKnow-master/entry/src/main/ets/services/StorageService.ets:81:18
 Function may throw exceptions. Special handling is required.
[39m[39m
[33mWARN: [33m[33mArkTS:WARN File: E:/iKnow/iKnow-master/entry/src/main/ets/services/StorageService.ets:82:24
 Function may throw exceptions. Special handling is required.
[39m[39m
[33mWARN: [33m[33mArkTS:WARN File: E:/iKnow/iKnow-master/entry/src/main/ets/services/StorageService.ets:86:18
 Function may throw exceptions. Special handling is required.
[39m[39m
[33mWARN: [33m[33mArkTS:WARN File: E:/iKnow/iKnow-master/entry/src/main/ets/services/StorageService.ets:87:24
 Function may throw exceptions. Special handling is required.
[39m[39m
[33mWARN: [33m[33mArkTS:WARN File: E:/iKnow/iKnow-master/entry/src/main/ets/services/StorageService.ets:138:33
 Function may throw exceptions. Special handling is required.
[39m[39m
[33mWARN: [33m[33mArkTS:WARN File: E:/iKnow/iKnow-master/entry/src/main/ets/services/StorageService.ets:139:13
 Function may throw exceptions. Special handling is required.
[39m[39m
[33mWARN: [33m[33mArkTS:WARN File: E:/iKnow/iKnow-master/entry/src/main/ets/services/StorageService.ets:140:10
 Function may throw exceptions. Special handling is required.
[39m[39m
[33mWARN: [33m[33mArkTS:WARN File: E:/iKnow/iKnow-master/entry/src/main/ets/services/StorageService.ets:149:8
 Function may throw exceptions. Special handling is required.
[39m[39m
[33mWARN: [33m[33mArkTS:WARN File: E:/iKnow/iKnow-master/entry/src/main/ets/services/StorageService.ets:161:22
 Function may throw exceptions. Special handling is required.
[39m[39m
[33mWARN: [33m[33mArkTS:WARN File: E:/iKnow/iKnow-master/entry/src/main/ets/services/StorageService.ets:166:33
 Function may throw exceptions. Special handling is required.
[39m[39m
[33mWARN: [33m[33mArkTS:WARN File: E:/iKnow/iKnow-master/entry/src/main/ets/services/StorageService.ets:167:13
 Function may throw exceptions. Special handling is required.
[39m[39m
[33mWARN: [33m[33mArkTS:WARN File: E:/iKnow/iKnow-master/entry/src/main/ets/services/StorageService.ets:168:10
 Function may throw exceptions. Special handling is required.
[39m[39m
[33mWARN: [33m[33mArkTS:WARN File: E:/iKnow/iKnow-master/entry/src/main/ets/services/StorageService.ets:177:8
 Function may throw exceptions. Special handling is required.
[39m[39m
[33mWARN: [33m[33mArkTS:WARN File: E:/iKnow/iKnow-master/entry/src/main/ets/services/StorageService.ets:189:22
 Function may throw exceptions. Special handling is required.
[39m[39m
[33mWARN: [33m[33mArkTS:WARN File: E:/iKnow/iKnow-master/entry/src/main/ets/services/StorageService.ets:194:33
 Function may throw exceptions. Special handling is required.
[39m[39m
[33mWARN: [33m[33mArkTS:WARN File: E:/iKnow/iKnow-master/entry/src/main/ets/services/StorageService.ets:196:15
 Function may throw exceptions. Special handling is required.
[39m[39m
[33mWARN: [33m[33mArkTS:WARN File: E:/iKnow/iKnow-master/entry/src/main/ets/services/StorageService.ets:210:8
 Function may throw exceptions. Special handling is required.
[39m[39m
[33mWARN: [33m[33mArkTS:WARN File: E:/iKnow/iKnow-master/entry/src/main/ets/services/StorageService.ets:227:22
 Function may throw exceptions. Special handling is required.
[39m[39m
[33mWARN: [33m[33mArkTS:WARN File: E:/iKnow/iKnow-master/entry/src/main/ets/services/StorageService.ets:233:22
 Function may throw exceptions. Special handling is required.
[39m[39m
[33mWARN: [33m[33mArkTS:WARN File: E:/iKnow/iKnow-master/entry/src/main/ets/services/StorageService.ets:238:33
 Function may throw exceptions. Special handling is required.
[39m[39m
[33mWARN: [33m[33mArkTS:WARN File: E:/iKnow/iKnow-master/entry/src/main/ets/services/StorageService.ets:240:15
 Function may throw exceptions. Special handling is required.
[39m[39m
[33mWARN: [33m[33mArkTS:WARN File: E:/iKnow/iKnow-master/entry/src/main/ets/services/StorageService.ets:259:8
 Function may throw exceptions. Special handling is required.
[39m[39m
[33mWARN: [33m[33mArkTS:WARN File: E:/iKnow/iKnow-master/entry/src/main/ets/services/StorageService.ets:281:22
 Function may throw exceptions. Special handling is required.
[39m[39m
[33mWARN: [33m[33mArkTS:WARN File: E:/iKnow/iKnow-master/entry/src/main/ets/services/StorageService.ets:288:33
 Function may throw exceptions. Special handling is required.
[39m[39m
[33mWARN: [33m[33mArkTS:WARN File: E:/iKnow/iKnow-master/entry/src/main/ets/services/StorageService.ets:290:15
 Function may throw exceptions. Special handling is required.
[39m[39m
[33mWARN: [33m[33mArkTS:WARN File: E:/iKnow/iKnow-master/entry/src/main/ets/services/StorageService.ets:299:8
 Function may throw exceptions. Special handling is required.
[39m[39m
[33mWARN: [33m[33mArkTS:WARN File: E:/iKnow/iKnow-master/entry/src/main/ets/services/StorageService.ets:311:22
 Function may throw exceptions. Special handling is required.
[39m[39m
[33mWARN: [33m[33mArkTS:WARN File: E:/iKnow/iKnow-master/entry/src/main/ets/services/StorageService.ets:318:33
 Function may throw exceptions. Special handling is required.
[39m[39m
[33mWARN: [33m[33mArkTS:WARN File: E:/iKnow/iKnow-master/entry/src/main/ets/services/StorageService.ets:319:13
 Function may throw exceptions. Special handling is required.
[39m[39m
[33mWARN: [33m[33mArkTS:WARN File: E:/iKnow/iKnow-master/entry/src/main/ets/services/StorageService.ets:320:10
 Function may throw exceptions. Special handling is required.
[39m[39m
[33mWARN: [33m[33mArkTS:WARN File: E:/iKnow/iKnow-master/entry/src/main/ets/services/StorageService.ets:334:8
 Function may throw exceptions. Special handling is required.
[39m[39m
[33mWARN: [33m[33mArkTS:WARN File: E:/iKnow/iKnow-master/entry/src/main/ets/services/StorageService.ets:351:22
 Function may throw exceptions. Special handling is required.
[39m[39m
[33mWARN: [33m[33mArkTS:WARN File: E:/iKnow/iKnow-master/entry/src/main/ets/services/StorageService.ets:356:33
 Function may throw exceptions. Special handling is required.
[39m[39m
[33mWARN: [33m[33mArkTS:WARN File: E:/iKnow/iKnow-master/entry/src/main/ets/services/StorageService.ets:357:13
 Function may throw exceptions. Special handling is required.
[39m[39m
[33mWARN: [33m[33mArkTS:WARN File: E:/iKnow/iKnow-master/entry/src/main/ets/services/StorageService.ets:358:10
 Function may throw exceptions. Special handling is required.
[39m[39m
[33mWARN: [33m[33mArkTS:WARN File: E:/iKnow/iKnow-master/entry/src/main/ets/services/StorageService.ets:374:8
 Function may throw exceptions. Special handling is required.
[39m[39m
[33mWARN: [33m[33mArkTS:WARN File: E:/iKnow/iKnow-master/entry/src/main/ets/services/StorageService.ets:393:22
 Function may throw exceptions. Special handling is required.
[39m[39m
[33mWARN: [33m[33mArkTS:WARN File: E:/iKnow/iKnow-master/entry/src/main/ets/services/StorageService.ets:400:24
 Function may throw exceptions. Special handling is required.
[39m[39m
[33mWARN: [33m[33mArkTS:WARN File: E:/iKnow/iKnow-master/entry/src/main/ets/pages/Home.ets:51:14
 'pushUrl' has been deprecated.
[39m[39m
[33mWARN: [33m[33mArkTS:WARN File: E:/iKnow/iKnow-master/entry/src/main/ets/pages/Home.ets:51:14
 Function may throw exceptions. Special handling is required.
[39m[39m
[33mWARN: [33m[33mArkTS:WARN File: E:/iKnow/iKnow-master/entry/src/main/ets/pages/Home.ets:53:14
 'pushUrl' has been deprecated.
[39m[39m
[33mWARN: [33m[33mArkTS:WARN File: E:/iKnow/iKnow-master/entry/src/main/ets/pages/Home.ets:53:14
 Function may throw exceptions. Special handling is required.
[39m[39m
[33mWARN: [33m[33mArkTS:WARN File: E:/iKnow/iKnow-master/entry/src/main/ets/pages/Home.ets:86:16
 The 'fill' API is supported since SDK version 26.0.0. However, the current compatible SDK version is 5.0.0(12).
 It is recommended to use apiAvailable to safeguard API compatibility.
[39m[39m
[33mWARN: [33m[33mArkTS:WARN File: E:/iKnow/iKnow-master/entry/src/main/ets/pages/Home.ets:197:26
 'pushUrl' has been deprecated.
[39m[39m
[33mWARN: [33m[33mArkTS:WARN File: E:/iKnow/iKnow-master/entry/src/main/ets/pages/Mine.ets:38:14
 'pushUrl' has been deprecated.
[39m[39m
[33mWARN: [33m[33mArkTS:WARN File: E:/iKnow/iKnow-master/entry/src/main/ets/pages/TaskPlanning.ets:103:12
 'replaceUrl' has been deprecated.
[39m[39m
[33mWARN: [33m[33mArkTS:WARN File: E:/iKnow/iKnow-master/entry/src/main/ets/pages/TaskPlanning.ets:103:12
 Function may throw exceptions. Special handling is required.
[39m[39m
[33mWARN: [33m[33mArkTS:WARN File: E:/iKnow/iKnow-master/entry/src/main/ets/components/BreathingLight.ets:32:10
 The 'fill' API is supported since SDK version 26.0.0. However, the current compatible SDK version is 5.0.0(12).
 It is recommended to use apiAvailable to safeguard API compatibility.
[39m[39m
[33mWARN: [33m[33mArkTS:WARN File: E:/iKnow/iKnow-master/entry/src/main/ets/components/BreathingLight.ets:39:10
 The 'fill' API is supported since SDK version 26.0.0. However, the current compatible SDK version is 5.0.0(12).
 It is recommended to use apiAvailable to safeguard API compatibility.
[39m[39m
[33mWARN: [33m[33mArkTS:WARN File: E:/iKnow/iKnow-master/entry/src/main/ets/pages/Focus.ets:63:12
 'pushUrl' has been deprecated.
[39m[39m
[33mWARN: [33m[33mArkTS:WARN File: E:/iKnow/iKnow-master/entry/src/main/ets/pages/Focus.ets:63:12
 Function may throw exceptions. Special handling is required.
[39m[39m
[33mWARN: [33m[33mArkTS:WARN File: E:/iKnow/iKnow-master/entry/src/main/ets/pages/Focus.ets:68:12
 'pushUrl' has been deprecated.
[39m[39m
[33mWARN: [33m[33mArkTS:WARN File: E:/iKnow/iKnow-master/entry/src/main/ets/pages/Focus.ets:68:12
 Function may throw exceptions. Special handling is required.
[39m[39m
[33mWARN: [33m[33mArkTS:WARN File: E:/iKnow/iKnow-master/entry/src/main/ets/pages/Focus.ets:83:14
 'replaceUrl' has been deprecated.
[39m[39m
[33mWARN: [33m[33mArkTS:WARN File: E:/iKnow/iKnow-master/entry/src/main/ets/pages/Focus.ets:83:14
 Function may throw exceptions. Special handling is required.
[39m[39m
[33mWARN: [33m[33mArkTS:WARN File: E:/iKnow/iKnow-master/entry/src/main/ets/pages/Focus.ets:85:14
 'back' has been deprecated.
[39m[39m
[33mWARN: [33m[33mArkTS:WARN File: E:/iKnow/iKnow-master/entry/src/main/ets/pages/Focus.ets:98:16
 The 'fill' API is supported since SDK version 26.0.0. However, the current compatible SDK version is 5.0.0(12).
 It is recommended to use apiAvailable to safeguard API compatibility.
[39m[39m
[33mWARN: [33m[33mArkTS:WARN File: E:/iKnow/iKnow-master/entry/src/main/ets/pages/FocusBreak.ets:34:12
 'back' has been deprecated.
[39m[39m
[33mWARN: [33m[33mArkTS:WARN File: E:/iKnow/iKnow-master/entry/src/main/ets/pages/StudyReport.ets:52:12
 'back' has been deprecated.
[39m[39m
[33mWARN: [33m[33mArkTS:WARN File: E:/iKnow/iKnow-master/entry/src/main/ets/pages/Device.ets:63:20
 The 'fill' API is supported since SDK version 26.0.0. However, the current compatible SDK version is 5.0.0(12).
 It is recommended to use apiAvailable to safeguard API compatibility.
[39m[39m
[33mWARN: [33m[33mArkTS:WARN File: E:/iKnow/iKnow-master/entry/src/main/ets/pages/Device.ets:103:30
 'showToast' has been deprecated.
[39m[39m
[33mWARN: [33m[33mArkTS:WARN File: E:/iKnow/iKnow-master/entry/src/main/ets/pages/Device.ets:114:30
 'showToast' has been deprecated.
[39m[39m
[33mWARN: [33m[33mArkTS:WARN File: E:/iKnow/iKnow-master/entry/src/main/ets/pages/Device.ets:125:30
 'showToast' has been deprecated.
[39m[39m
[33mWARN: [33m[33mArkTS:WARN File: E:/iKnow/iKnow-master/entry/src/main/ets/pages/Settings.ets:32:18
 'showToast' has been deprecated.
[39m[39m
[33mWARN: [33m[33mArkTS:WARN File: E:/iKnow/iKnow-master/entry/src/main/ets/pages/Settings.ets:32:18
 Function may throw exceptions. Special handling is required.
[39m[39m
[33mWARN: [33m[33mArkTS:WARN File: E:/iKnow/iKnow-master/entry/src/main/ets/pages/Settings.ets:38:20
 'showToast' has been deprecated.
[39m[39m
[33mWARN: [33m[33mArkTS:WARN File: E:/iKnow/iKnow-master/entry/src/main/ets/pages/Privacy.ets:17:20
 'showToast' has been deprecated.
[39m[39m
[33mWARN: [33m[33mArkTS:WARN File: E:/iKnow/iKnow-master/entry/src/main/ets/pages/Privacy.ets:93:32
 'showToast' has been deprecated.
[39m[39m
[33mWARN: [33m[33mArkTS:WARN File: E:/iKnow/iKnow-master/entry/src/main/ets/pages/Privacy.ets:107:32
 'showToast' has been deprecated.
[39m[39m
[33mWARN: [33m[33mArkTS:WARN File: E:/iKnow/iKnow-master/entry/src/main/ets/pages/AIChat.ets:67:12
 'back' has been deprecated.
[39m[39m
[33mWARN: [33mArkTS:WARN File: E:/iKnow/iKnow-master/entry/src/main/ets/pages/TaskPlanning.ets:12:1
 It's not a recommended way to export struct with '@Entry' decorator, which may cause ACE Engine error in component preview mode.[39m[39m
[33mWARN: [33mArkTS:WARN File: E:/iKnow/iKnow-master/entry/src/main/ets/pages/FocusBreak.ets:7:1
 It's not a recommended way to export struct with '@Entry' decorator, which may cause ACE Engine error in component preview mode.[39m[39m
[33mWARN: [33mArkTS:WARN File: E:/iKnow/iKnow-master/entry/src/main/ets/pages/Focus.ets:15:1
 It's not a recommended way to export struct with '@Entry' decorator, which may cause ACE Engine error in component preview mode.[39m[39m
[33mWARN: [33mArkTS:WARN File: E:/iKnow/iKnow-master/entry/src/main/ets/pages/StudyReport.ets:10:1
 It's not a recommended way to export struct with '@Entry' decorator, which may cause ACE Engine error in component preview mode.[39m[39m
[33mWARN: [33mArkTS:WARN File: E:/iKnow/iKnow-master/entry/src/main/ets/pages/Device.ets:7:1
 It's not a recommended way to export struct with '@Entry' decorator, which may cause ACE Engine error in component preview mode.[39m[39m
[33mWARN: [33mArkTS:WARN File: E:/iKnow/iKnow-master/entry/src/main/ets/pages/Privacy.ets:6:1
 It's not a recommended way to export struct with '@Entry' decorator, which may cause ACE Engine error in component preview mode.[39m[39m
[33mWARN: [33mArkTS:WARN File: E:/iKnow/iKnow-master/entry/src/main/ets/pages/Settings.ets:13:1
 It's not a recommended way to export struct with '@Entry' decorator, which may cause ACE Engine error in component preview mode.[39m[39m
[33mWARN: [33mArkTS:WARN File: E:/iKnow/iKnow-master/entry/src/main/ets/pages/AIChat.ets:14:1
 It's not a recommended way to export struct with '@Entry' decorator, which may cause ACE Engine error in component preview mode.[39m[39m
[33mWARN: [33mArkTS:WARN File: E:/iKnow/iKnow-master/entry/src/main/ets/pages/FocusProfile.ets:10:1
 It's not a recommended way to export struct with '@Entry' decorator, which may cause ACE Engine error in component preview mode.[39m[39m

[2026-09-07T06:58:34.573] [DEBUG] debug-file - Ark compile task finished.finished time is 31330230169000
[2026-09-07T06:58:34.578] [DEBUG] debug-file - worker[4] has one work done.
[2026-09-07T06:58:34.589] [DEBUG] debug-file - default@CompileArkTS work[0] done.
[2026-09-07T06:58:34.589] [DEBUG] debug-file - A work dispatched to worker[4] failed because unable to get work from ready queue.
[2026-09-07T06:58:34.597] [INFO] debug-file - Finished :entry:default@CompileArkTS... after 8 s 930 ms 
[2026-09-07T06:58:34.599] [DEBUG] debug-file - Executing task :entry:default@GeneratePkgModuleJson
[2026-09-07T06:58:34.601] [DEBUG] debug-file - File: 'E:\iKnow\iKnow-master\entry\build\default\intermediates\preload\default\preload.json' from 'preloadSoJsonPath' is not exists, just ignore.
[2026-09-07T06:58:34.601] [DEBUG] debug-file - Error occurs while handling @Input 'shouldDeduplicateHar': The "data" argument must be of type string or an instance of Buffer, TypedArray, or DataView. Received undefined
[2026-09-07T06:58:34.708] [DEBUG] debug-file - Executing task :entry:default@PackageHap
[2026-09-07T06:58:34.601] [DEBUG] debug-file - Task 'entry:default@GeneratePkgModuleJson' cost while wrapping incremental declarations: 2 ms 
[2026-09-07T06:58:34.741] [DEBUG] debug-file - Use tool [C:\Program Files\Huawei\DevEco Studio\sdk\default\openharmony\toolchains\lib\app_packing_tool.jar]
 [
  'java',
  '-Dfile.encoding=GBK',
  '-jar',
  'C:\\Program Files\\Huawei\\DevEco Studio\\sdk\\default\\openharmony\\toolchains\\lib\\app_packing_tool.jar',
  '--mode',
  'hap',
  '--force',
  'true',
  '--lib-path',
  'E:\\iKnow\\iKnow-master\\entry\\build\\default\\intermediates\\stripped_native_libs\\default',
  '--json-path',
  'E:\\iKnow\\iKnow-master\\entry\\build\\default\\intermediates\\package\\default\\module.json',
  '--resources-path',
  'E:\\iKnow\\iKnow-master\\entry\\build\\default\\intermediates\\res\\default\\resources',
  '--index-path',
  'E:\\iKnow\\iKnow-master\\entry\\build\\default\\intermediates\\res\\default\\resources.index',
  '--pack-info-path',
  'E:\\iKnow\\iKnow-master\\entry\\build\\default\\outputs\\default\\pack.info',
  '--out-path',
  'E:\\iKnow\\iKnow-master\\entry\\build\\default\\outputs\\default\\entry-default-unsigned.hap',
  '--ets-path',
  'E:\\iKnow\\iKnow-master\\entry\\build\\default\\intermediates\\loader_out\\default\\ets',
  '--pkg-context-path',
  'E:\\iKnow\\iKnow-master\\entry\\build\\default\\intermediates\\loader\\default\\pkgContextInfo.json'
]
[2026-09-07T06:58:34.695] [DEBUG] debug-file - entry : default@GeneratePkgModuleJson cost memory 0.14495849609375
[2026-09-07T06:58:34.743] [DEBUG] debug-file - default@PackageHap work[2] is submitted.
[2026-09-07T06:58:34.695] [DEBUG] debug-file - runTaskFromQueue task cost before running: 13 s 149 ms 
[2026-09-07T06:58:34.743] [DEBUG] debug-file - default@PackageHap work[2] is pushed to ready queue.
[2026-09-07T06:58:34.743] [DEBUG] debug-file - A work dispatched to worker[19] failed because unable to get work from ready queue.
[2026-09-07T06:58:34.695] [INFO] debug-file - Finished :entry:default@GeneratePkgModuleJson... after 96 ms 
[2026-09-07T06:58:34.743] [DEBUG] debug-file - default@PackageHap work[2] has been dispatched to worker[18].
[2026-09-07T06:58:34.697] [DEBUG] debug-file - Executing task :entry:default@ProcessCompiledResources
[2026-09-07T06:58:34.743] [DEBUG] debug-file - default@PackageHap work[2] is dispatched.
[2026-09-07T06:58:34.697] [DEBUG] debug-file - File: 'E:\iKnow\iKnow-master\entry\build\default\intermediates\preload\default\preload.json' from 'preloadSoJsonPath' is not exists, just ignore.
[2026-09-07T06:58:34.869] [DEBUG] debug-file - entry : default@PackageHap cost memory -0.4532928466796875
[2026-09-07T06:58:34.697] [DEBUG] debug-file - Task 'entry:default@ProcessCompiledResources' cost while wrapping incremental declarations: 1 ms 
[2026-09-07T06:58:34.698] [DEBUG] debug-file - entry : default@ProcessCompiledResources cost memory 0.04805755615234375
[2026-09-07T06:58:34.698] [DEBUG] debug-file - runTaskFromQueue task cost before running: 13 s 152 ms 
[2026-09-07T06:58:34.698] [INFO] debug-file - Finished :entry:default@ProcessCompiledResources... after 1 ms 
[2026-09-07T06:58:34.904] [DEBUG] debug-file - current process  memoryUsage: {
  rss: 683393024,
  heapTotal: 57360384,
  heapUsed: 47864544,
  external: 3958577,
  arrayBuffers: 18671
} os memoryUsage :14.012771606445312
[2026-09-07T06:58:38.495] [DEBUG] debug-file - worker[18] has one work done.
[2026-09-07T06:58:38.495] [DEBUG] debug-file - default@PackageHap work[2] done.
[2026-09-07T06:58:38.512] [DEBUG] debug-file - Executing task :entry:default@PackingCheck
[2026-09-07T06:58:38.530] [DEBUG] debug-file - Executing task :entry:default@SignHap
[2026-09-07T06:58:38.539] [DEBUG] debug-file - Executing task :entry:default@CollectDebugSymbol
[2026-09-07T06:58:38.495] [DEBUG] debug-file - A work dispatched to worker[18] failed because unable to get work from ready queue.
[2026-09-07T06:58:38.526] [DEBUG] debug-file - entry : default@PackingCheck cost memory 0.514892578125
[2026-09-07T06:58:38.530] [WARN] debug-file - Will skip sign 'hos_hap'. No signingConfigs profile is configured in current project.
             If needed, configure the signingConfigs in E:\iKnow\iKnow-master\build-profile.json5.
[2026-09-07T06:58:38.545] [DEBUG] debug-file - entry : default@CollectDebugSymbol cost memory 0.093017578125
[2026-09-07T06:58:38.526] [DEBUG] debug-file - runTaskFromQueue task cost before running: 16 s 979 ms 
[2026-09-07T06:58:38.534] [DEBUG] debug-file - entry : default@SignHap cost memory 0.0550994873046875
[2026-09-07T06:58:38.545] [DEBUG] debug-file - runTaskFromQueue task cost before running: 16 s 999 ms 
[2026-09-07T06:58:38.526] [INFO] debug-file - Finished :entry:default@PackingCheck... after 14 ms 
[2026-09-07T06:58:38.534] [DEBUG] debug-file - runTaskFromQueue task cost before running: 16 s 988 ms 
[2026-09-07T06:58:38.545] [INFO] debug-file - Finished :entry:default@CollectDebugSymbol... after 6 ms 
[2026-09-07T06:58:38.508] [INFO] debug-file - Finished :entry:default@PackageHap... after 3 s 756 ms 
[2026-09-07T06:58:38.536] [INFO] debug-file - Finished :entry:default@SignHap... after 4 ms 
[2026-09-07T06:58:38.545] [DEBUG] debug-file - Executing task :entry:assembleHap
[2026-09-07T06:58:38.545] [DEBUG] debug-file - entry : assembleHap cost memory 0.012908935546875
[2026-09-07T06:58:38.545] [DEBUG] debug-file - runTaskFromQueue task cost before running: 16 s 999 ms 
[2026-09-07T06:58:38.545] [INFO] debug-file - Finished :entry:assembleHap... after 1 ms 
[2026-09-07T06:58:38.547] [INFO] debug-file - BUILD SUCCESSFUL in 16 s 1000 ms 
[2026-09-07T06:58:38.548] [DEBUG] debug-file - Update task entry:default@PreBuild input file:E:\iKnow\iKnow-master\AppScope\app.json5 cache by regenerate.
[2026-09-07T06:58:38.549] [DEBUG] debug-file - Update task entry:default@PreBuild input file:E:\iKnow\iKnow-master\entry\src\main\module.json5 cache by regenerate.
[2026-09-07T06:58:38.549] [DEBUG] debug-file - Update task entry:default@PreBuild input file:E:\iKnow\iKnow-master\build-profile.json5 cache by regenerate.
[2026-09-07T06:58:38.549] [DEBUG] debug-file - Update task entry:default@PreBuild input file:E:\iKnow\iKnow-master\entry\build-profile.json5 cache by regenerate.
[2026-09-07T06:58:38.549] [DEBUG] debug-file - Update task entry:default@PreBuild input file:E:\iKnow\iKnow-master\entry\src\main\resources\base\profile\main_pages.json cache by regenerate.
[2026-09-07T06:58:38.549] [DEBUG] debug-file - Update task entry:default@PreBuild input file:E:\iKnow\iKnow-master\hvigor\hvigor-config.json5 cache by regenerate.
[2026-09-07T06:58:38.550] [DEBUG] debug-file - Update task entry:default@PreBuild input file:E:\iKnow\iKnow-master\entry\oh-package.json5 cache by regenerate.
[2026-09-07T06:58:38.550] [DEBUG] debug-file - Update task entry:default@PreBuild input file:E:\iKnow\iKnow-master\oh-package.json5 cache by regenerate.
[2026-09-07T06:58:38.550] [DEBUG] debug-file - Incremental task entry:default@PreBuild post-execution cost:3 ms .
[2026-09-07T06:58:38.550] [DEBUG] debug-file - Update task entry:default@CreateModuleInfo output file:E:\iKnow\iKnow-master\entry\build\default\generated\profile\default\ModuleInfo.ts cache.
[2026-09-07T06:58:38.550] [DEBUG] debug-file - Incremental task entry:default@CreateModuleInfo post-execution cost:1 ms .
[2026-09-07T06:58:38.551] [DEBUG] debug-file - There is no need to refresh cache, since the incremental task entry:default@GenerateMetadata is up-to-date.
[2026-09-07T06:58:38.551] [DEBUG] debug-file - There is no need to refresh cache, since the incremental task entry:default@MergeProfile is up-to-date.
[2026-09-07T06:58:38.551] [DEBUG] debug-file - There is no need to refresh cache, since the incremental task entry:default@CreateBuildProfile is up-to-date.
[2026-09-07T06:58:38.551] [DEBUG] debug-file - There is no need to refresh cache, since the incremental task entry:default@GeneratePkgContextInfo is up-to-date.
[2026-09-07T06:58:38.551] [DEBUG] debug-file - Update task entry:default@GeneratePkgSdkInfo output file:E:\iKnow\iKnow-master\entry\build\default\intermediates\loader\default\pkgSdkInfo.json cache.
[2026-09-07T06:58:38.551] [DEBUG] debug-file - Incremental task entry:default@GeneratePkgSdkInfo post-execution cost:1 ms .
[2026-09-07T06:58:38.551] [DEBUG] debug-file - Update task entry:default@ProcessIntegratedHsp output file:E:\iKnow\iKnow-master\build\cache\default\integrated_hsp\integratedHspCache.json cache.
[2026-09-07T06:58:38.551] [DEBUG] debug-file - Incremental task entry:default@ProcessIntegratedHsp post-execution cost:1 ms .
[2026-09-07T06:58:38.551] [DEBUG] debug-file - There is no need to refresh cache, since the incremental task entry:default@MakePackInfo is up-to-date.
[2026-09-07T06:58:38.551] [DEBUG] debug-file - Update task entry:default@SyscapTransform input file:C:\Program Files\Huawei\DevEco Studio\sdk\default\openharmony\toolchains\syscap_tool.exe cache by regenerate.
[2026-09-07T06:58:38.551] [DEBUG] debug-file - Update task entry:default@SyscapTransform input file:C:\Program Files\Huawei\DevEco Studio\sdk\default\openharmony\ets\api\device-define cache by regenerate.
[2026-09-07T06:58:38.552] [DEBUG] debug-file - Update task entry:default@SyscapTransform output file:E:\iKnow\iKnow-master\entry\build\default\intermediates\syscap\default\rpcid.sc cache.
[2026-09-07T06:58:38.553] [DEBUG] debug-file - Incremental task entry:default@SyscapTransform post-execution cost:2 ms .
[2026-09-07T06:58:38.553] [DEBUG] debug-file - There is no need to refresh cache, since the incremental task entry:default@ProcessProfile is up-to-date.
[2026-09-07T06:58:38.553] [DEBUG] debug-file - There is no need to refresh cache, since the incremental task entry:default@ProcessRouterMap is up-to-date.
[2026-09-07T06:58:38.553] [DEBUG] debug-file - There is no need to refresh cache, since the incremental task entry:default@ProcessShareConfig is up-to-date.
[2026-09-07T06:58:38.554] [DEBUG] debug-file - Update task entry:default@ProcessStartupConfig input file:E:\iKnow\iKnow-master\entry\build\default\intermediates\loader\default\pkgContextInfo.json cache by regenerate.
[2026-09-07T06:58:38.556] [DEBUG] debug-file - Update task entry:default@ProcessStartupConfig output file:E:\iKnow\iKnow-master\entry\build\default\intermediates\startup\default\startup_config.json cache.
[2026-09-07T06:58:38.556] [DEBUG] debug-file - Incremental task entry:default@ProcessStartupConfig post-execution cost:4 ms .
[2026-09-07T06:58:38.556] [DEBUG] debug-file - There is no need to refresh cache, since the incremental task entry:default@ProcessResource is up-to-date.
[2026-09-07T06:58:38.556] [DEBUG] debug-file - There is no need to refresh cache, since the incremental task entry:default@GenerateLoaderJson is up-to-date.
[2026-09-07T06:58:38.556] [DEBUG] debug-file - There is no need to refresh cache, since the incremental task entry:default@ProcessLibs is up-to-date.
[2026-09-07T06:58:38.556] [DEBUG] debug-file - There is no need to refresh cache, since the incremental task entry:default@CompileResource is up-to-date.
[2026-09-07T06:58:38.556] [DEBUG] debug-file - There is no need to refresh cache, since the incremental task entry:default@DoNativeStrip is up-to-date.
[2026-09-07T06:58:38.565] [DEBUG] debug-file - Update task entry:default@CompileArkTS input file:E:\iKnow\iKnow-master\entry\build\default\intermediates\loader\default cache by regenerate.
[2026-09-07T06:58:38.570] [DEBUG] debug-file - Update task entry:default@CompileArkTS input file:E:\iKnow\iKnow-master\entry\build\default\intermediates\res\default\ResourceTable.txt cache by regenerate.
[2026-09-07T06:58:38.571] [DEBUG] debug-file - Update task entry:default@CompileArkTS input file:E:\iKnow\iKnow-master\entry\build\default\intermediates\res\default\ark_module.json cache by regenerate.
[2026-09-07T06:58:38.573] [DEBUG] debug-file - Update task entry:default@CompileArkTS input file:E:\iKnow\iKnow-master\entry\build\default\intermediates\res\default\resources\base\profile cache by regenerate.
[2026-09-07T06:58:38.576] [DEBUG] debug-file - Update task entry:default@CompileArkTS input file:E:\iKnow\iKnow-master\entry\src\main\ets cache by regenerate.
[2026-09-07T06:58:38.588] [DEBUG] debug-file - Update task entry:default@CompileArkTS input file:E:\iKnow\iKnow-master\entry\build\default\intermediates\loader\default\pkgContextInfo.json cache by regenerate.
[2026-09-07T06:58:38.590] [DEBUG] debug-file - Update task entry:default@CompileArkTS input file:E:\iKnow\iKnow-master\entry\build\default\generated\profile\default\BuildProfile.ets cache by regenerate.
[2026-09-07T06:58:38.592] [DEBUG] debug-file - Update task entry:default@CompileArkTS output file:E:\iKnow\iKnow-master\entry\build\default\intermediates\loader_out\default\ets cache.
[2026-09-07T06:58:38.597] [DEBUG] debug-file - Incremental task entry:default@CompileArkTS post-execution cost:41 ms .
[2026-09-07T06:58:38.604] [DEBUG] debug-file - Update task entry:default@BuildJS input file:E:\iKnow\iKnow-master\entry\build\default\intermediates\loader\default cache by regenerate.
[2026-09-07T06:58:38.609] [DEBUG] debug-file - Update task entry:default@BuildJS input file:E:\iKnow\iKnow-master\entry\build\default\intermediates\res\default\ResourceTable.txt cache by regenerate.
[2026-09-07T06:58:38.611] [DEBUG] debug-file - Update task entry:default@BuildJS input file:E:\iKnow\iKnow-master\entry\build\default\intermediates\res\default\ark_module.json cache by regenerate.
[2026-09-07T06:58:38.613] [DEBUG] debug-file - Update task entry:default@BuildJS input file:E:\iKnow\iKnow-master\entry\build\default\intermediates\res\default\resources\base\profile cache by regenerate.
[2026-09-07T06:58:38.616] [DEBUG] debug-file - Update task entry:default@BuildJS input file:E:\iKnow\iKnow-master\entry\build\default\intermediates\loader\default\pkgContextInfo.json cache by regenerate.
[2026-09-07T06:58:38.618] [DEBUG] debug-file - Update task entry:default@BuildJS output file:E:\iKnow\iKnow-master\entry\build\default\intermediates\loader_out\default\js cache.
[2026-09-07T06:58:38.619] [DEBUG] debug-file - Incremental task entry:default@BuildJS post-execution cost:22 ms .
[2026-09-07T06:58:38.619] [DEBUG] debug-file - There is no need to refresh cache, since the incremental task entry:default@CacheNativeLibs is up-to-date.
[2026-09-07T06:58:38.619] [DEBUG] debug-file - Update task entry:default@GeneratePkgModuleJson input file:E:\iKnow\iKnow-master\entry\build\default\intermediates\res\default\module.json cache by regenerate.
[2026-09-07T06:58:38.621] [DEBUG] debug-file - Update task entry:default@GeneratePkgModuleJson output file:E:\iKnow\iKnow-master\entry\build\default\intermediates\package\default\module.json cache.
[2026-09-07T06:58:38.622] [DEBUG] debug-file - Incremental task entry:default@GeneratePkgModuleJson post-execution cost:4 ms .
[2026-09-07T06:58:38.622] [DEBUG] debug-file - Incremental task entry:default@ProcessCompiledResources post-execution cost:1 ms .
[2026-09-07T06:58:38.633] [DEBUG] debug-file - Update task entry:default@PackageHap input file:E:\iKnow\iKnow-master\entry\build\default\outputs\default\pack.info cache by regenerate.
[2026-09-07T06:58:38.635] [DEBUG] debug-file - Update task entry:default@PackageHap input file:E:\iKnow\iKnow-master\entry\build\default\intermediates\stripped_native_libs\default cache by regenerate.
[2026-09-07T06:58:38.637] [DEBUG] debug-file - Update task entry:default@PackageHap input file:E:\iKnow\iKnow-master\entry\build\default\intermediates\res\default\module.json cache by regenerate.
[2026-09-07T06:58:38.639] [DEBUG] debug-file - Update task entry:default@PackageHap input file:E:\iKnow\iKnow-master\entry\build\default\intermediates\res\default\resources cache by regenerate.
[2026-09-07T06:58:38.650] [DEBUG] debug-file - Update task entry:default@PackageHap input file:E:\iKnow\iKnow-master\entry\build\default\intermediates\res\default\resources.index cache by regenerate.
[2026-09-07T06:58:38.652] [DEBUG] debug-file - Update task entry:default@PackageHap input file:E:\iKnow\iKnow-master\entry\build\default\intermediates\loader_out\default\ets cache by regenerate.
[2026-09-07T06:58:38.657] [DEBUG] debug-file - Update task entry:default@PackageHap input file:E:\iKnow\iKnow-master\entry\build\default\intermediates\loader\default\pkgContextInfo.json cache by regenerate.
[2026-09-07T06:58:38.659] [DEBUG] debug-file - Update task entry:default@PackageHap input file:E:\iKnow\iKnow-master\entry\build\default\intermediates\package\default\module.json cache by regenerate.
[2026-09-07T06:58:38.661] [DEBUG] debug-file - Update task entry:default@PackageHap input file:E:\iKnow\iKnow-master\entry\build\default\intermediates\loader_out\default\ets\sourceMaps.map cache by regenerate.
[2026-09-07T06:58:38.663] [DEBUG] debug-file - Update task entry:default@PackageHap input file:E:\iKnow\iKnow-master\entry\build\default\generated\profile\default\BuildProfile.ets cache by regenerate.
[2026-09-07T06:58:38.665] [DEBUG] debug-file - Update task entry:default@PackageHap output file:E:\iKnow\iKnow-master\entry\build\default\outputs\default\entry-default-unsigned.hap cache.
[2026-09-07T06:58:38.667] [DEBUG] debug-file - Update task entry:default@PackageHap output file:E:\iKnow\iKnow-master\entry\build\default\intermediates\source_map\default\sourceMaps.map cache.
[2026-09-07T06:58:38.668] [DEBUG] debug-file - Update task entry:default@PackageHap output file:E:\iKnow\iKnow-master\entry\build\default\outputs\default\mapping\sourceMaps.map cache.
[2026-09-07T06:58:38.669] [DEBUG] debug-file - Incremental task entry:default@PackageHap post-execution cost:48 ms .
[2026-09-07T06:58:38.671] [DEBUG] debug-file - Update task entry:default@SignHap input file:E:\iKnow\iKnow-master\entry\build\default\outputs\default\entry-default-unsigned.hap cache by regenerate.
[2026-09-07T06:58:38.672] [DEBUG] debug-file - Update task entry:default@SignHap output file:E:\iKnow\iKnow-master\entry\build\default\outputs\default\entry-default-signed.hap cache.
[2026-09-07T06:58:38.672] [DEBUG] debug-file - Incremental task entry:default@SignHap post-execution cost:3 ms .
[2026-09-07T06:58:38.675] [DEBUG] debug-file - Update task entry:default@CollectDebugSymbol input file:E:\iKnow\iKnow-master\entry\build\default\intermediates\loader_out\default\ets\sourceMaps.map cache by regenerate.
[2026-09-07T06:58:38.677] [DEBUG] debug-file - Update task entry:default@CollectDebugSymbol input file:E:\iKnow\iKnow-master\entry\build\default\intermediates\libs\default cache by regenerate.
[2026-09-07T06:58:38.678] [DEBUG] debug-file - Update task entry:default@CollectDebugSymbol output file:E:\iKnow\iKnow-master\entry\build\default\outputs\default\symbol cache.
[2026-09-07T06:58:38.679] [DEBUG] debug-file - Incremental task entry:default@CollectDebugSymbol post-execution cost:7 ms .
[2026-09-07T06:58:38.808] [DEBUG] debug-file - Current worker pool is stopped or closed.
[2026-09-07T06:58:38.808] [DEBUG] debug-file - Clear worker 0.
[2026-09-07T06:58:38.808] [DEBUG] debug-file - Worker 0 has been cleared.
[2026-09-07T06:58:38.809] [DEBUG] debug-file - Current idle worker size: 3.
[2026-09-07T06:58:38.809] [DEBUG] debug-file - Current busy worker size: 0.
[2026-09-07T06:58:38.809] [DEBUG] debug-file - Clear worker 1.
[2026-09-07T06:58:38.809] [DEBUG] debug-file - Worker 1 has been cleared.
[2026-09-07T06:58:38.809] [DEBUG] debug-file - Current idle worker size: 2.
[2026-09-07T06:58:38.809] [DEBUG] debug-file - Current busy worker size: 0.
[2026-09-07T06:58:38.809] [DEBUG] debug-file - Clear worker 4.
[2026-09-07T06:58:38.809] [DEBUG] debug-file - Worker 4 has been cleared.
[2026-09-07T06:58:38.809] [DEBUG] debug-file - Current idle worker size: 1.
[2026-09-07T06:58:38.809] [DEBUG] debug-file - Current busy worker size: 0.
[2026-09-07T06:58:38.809] [DEBUG] debug-file - Clear worker 18.
[2026-09-07T06:58:38.809] [DEBUG] debug-file - Worker 18 has been cleared.
[2026-09-07T06:58:38.809] [DEBUG] debug-file - Current idle worker size: 0.
[2026-09-07T06:58:38.809] [DEBUG] debug-file - Current busy worker size: 0.
[2026-09-07T06:58:38.815] [DEBUG] debug-file - hvigor build process will be closed.
[2026-09-07T06:58:38.816] [DEBUG] debug-file - Current worker pool is terminated.
[2026-09-07T06:58:38.817] [DEBUG] debug-file - worker[1] exits with exit code 1.
[2026-09-07T06:58:38.817] [DEBUG] debug-file - worker[0] exits with exit code 1.
[2026-09-07T06:58:38.819] [DEBUG] debug-file - worker[18] exits with exit code 1.
[2026-09-07T06:58:38.829] [DEBUG] debug-file - worker[4] exits with exit code 1.
[2026-09-07T06:59:37.459] [DEBUG] debug-file - session manager: set active socket. socketId=C5Tsx4GF5fDPesIlAAAD
[2026-09-07T06:59:37.502] [DEBUG] debug-file - watch worker: worker id should be larger than 0. Nothing will be sent to any worker thread.
[2026-09-07T06:59:37.544] [DEBUG] debug-file - Workers' log level updated to INFO
[2026-09-07T06:59:37.569] [DEBUG] debug-file - Hvigor init with startParameters:{
  hvigorfileTypeCheck: false,
  parallelExecution: true,
  incrementalExecution: true,
  printStackTrace: false,
  daemon: true,
  analyze: 0,
  logLevel: Level { level: 20000, levelStr: 'INFO', colour: 'green' },
  optimizationStrategy: 'memory',
  hotCompile: undefined,
  hotReloadBuild: undefined,
  customizedParam: undefined
}
[2026-09-07T06:59:37.608] [DEBUG] debug-file - Cache service initialization finished in 38 ms 
[2026-09-07T06:59:37.612] [DEBUG] debug-file - hvigorfile, resolving E:\iKnow\iKnow-master\hvigorfile.ts
[2026-09-07T06:59:37.650] [DEBUG] debug-file - hvigorfile, require result:  { default: { plugins: [] } }
[2026-09-07T06:59:37.650] [DEBUG] debug-file - hvigorfile, binding system plugins null
[2026-09-07T06:59:37.651] [DEBUG] debug-file - Starting plugin build process
[2026-09-07T06:59:37.651] [DEBUG] debug-file - App plugin prepare start...
[2026-09-07T06:59:37.652] [DEBUG] debug-file - App plugin prepare end...
[2026-09-07T06:59:37.652] [DEBUG] debug-file - App plugin creating...
[2026-09-07T06:59:37.695] [DEBUG] debug-file - App plugin register hook start...
[2026-09-07T06:59:37.696] [DEBUG] debug-file - App plugin register hook end...
[2026-09-07T06:59:37.696] [DEBUG] debug-file - Plugin build process completed
[2026-09-07T06:59:37.697] [DEBUG] debug-file - Start initialize project's product build option map with build mode debug.
[2026-09-07T06:59:37.697] [DEBUG] debug-file - Picking option from product 'default' with build mode 'debug'.
[2026-09-07T06:59:37.698] [DEBUG] debug-file - Product 'default' build option initialized
[2026-09-07T06:59:37.699] [DEBUG] debug-file - End initialize project's product build option map with build mode 'debug'.
[2026-09-07T06:59:37.702] [DEBUG] debug-file - Obtain build option for product 'default'in this build.
[2026-09-07T06:59:37.706] [DEBUG] debug-file - not found resModel json file in : E:\iKnow\iKnow-master\entry\src\ohosTest\module.json5
[2026-09-07T06:59:37.716] [DEBUG] debug-file - No signingConfig found, initRemoteHspCache failed.
[2026-09-07T06:59:37.726] [DEBUG] debug-file - Start recording SDK configuration permission data.
[2026-09-07T06:59:37.811] [DEBUG] debug-file - Sdk init in 93 ms 
[2026-09-07T06:59:37.828] [DEBUG] debug-file - Project task initialization takes 15 ms 
[2026-09-07T06:59:37.828] [DEBUG] debug-file - hvigorfile, begin to bind custom plugins...
[2026-09-07T06:59:37.828] [DEBUG] debug-file - hvigorfile, no custom plugins were found in E:\iKnow\iKnow-master\hvigorfile.ts
[2026-09-07T06:59:37.828] [DEBUG] debug-file - hvigorfile, resolve finished E:\iKnow\iKnow-master\hvigorfile.ts
[2026-09-07T06:59:37.829] [DEBUG] debug-file - hvigorfile, resolving E:\iKnow\iKnow-master\entry\hvigorfile.ts
[2026-09-07T06:59:37.837] [DEBUG] debug-file - hvigorfile, require result:  { default: { plugins: [] } }
[2026-09-07T06:59:37.837] [DEBUG] debug-file - hvigorfile, binding system plugins null
[2026-09-07T06:59:37.837] [DEBUG] debug-file - Starting plugin build process
[2026-09-07T06:59:37.837] [DEBUG] debug-file - Hap plugin creating...
[2026-09-07T06:59:37.841] [DEBUG] debug-file - failed to load cangjie to dynamically generate schemas: Error: Cannot find module '@ohos/cangjie-build-support/index'
Require stack:
- C:\Program Files\Huawei\DevEco Studio\tools\hvigor\hvigor-ohos-plugin\src\plugin\hooks\cangjie-register.js
- C:\Program Files\Huawei\DevEco Studio\tools\hvigor\hvigor-ohos-plugin\src\plugin\strategy\stage-init-strategy.js
- C:\Program Files\Huawei\DevEco Studio\tools\hvigor\hvigor-ohos-plugin\src\plugin\builder\abstract-plugin-builder.js
- C:\Program Files\Huawei\DevEco Studio\tools\hvigor\hvigor-ohos-plugin\src\plugin\builder\app-plugin-builder.js
- C:\Program Files\Huawei\DevEco Studio\tools\hvigor\hvigor-ohos-plugin\src\plugin\factory\plugin-factory.js
- C:\Program Files\Huawei\DevEco Studio\tools\hvigor\hvigor-ohos-plugin\index.js
- E:\iKnow\iKnow-master\hvigorfile.ts
- C:\Program Files\Huawei\DevEco Studio\tools\hvigor\hvigor\src\base\internal\lifecycle\configuration.js
- C:\Program Files\Huawei\DevEco Studio\tools\hvigor\hvigor\src\base\boot\index.js
- C:\Program Files\Huawei\DevEco Studio\tools\hvigor\hvigor\src\base\daemon\cluster\worker-process-lifecycle.js
- C:\Program Files\Huawei\DevEco Studio\tools\hvigor\hvigor\src\base\daemon\process\daemon-process-boot-script.js
[2026-09-07T06:59:37.848] [DEBUG] debug-file - Start initialize module-target build option map, moduleName=entry, buildMode=debug
[2026-09-07T06:59:37.848] [DEBUG] debug-file - Target 'default' config initialized
[2026-09-07T06:59:37.849] [DEBUG] debug-file - Target 'ohosTest' config initialized
[2026-09-07T06:59:37.850] [DEBUG] debug-file - Module 'entry' target 'default' build option initialized
[2026-09-07T06:59:37.850] [DEBUG] debug-file - Module 'entry' target 'ohosTest' build option initialized
[2026-09-07T06:59:37.850] [DEBUG] debug-file - End initialize module-target build option map, moduleName=entry
[2026-09-07T06:59:37.850] [DEBUG] debug-file - Start initialize module-target build option map, moduleName=entry, buildMode=release
[2026-09-07T06:59:37.850] [DEBUG] debug-file - Target 'default' config initialized
[2026-09-07T06:59:37.852] [DEBUG] debug-file - Target 'ohosTest' config initialized
[2026-09-07T06:59:37.852] [DEBUG] debug-file - Module 'entry' target 'default' build option initialized
[2026-09-07T06:59:37.852] [DEBUG] debug-file - Module 'entry' target 'ohosTest' build option initialized
[2026-09-07T06:59:37.853] [DEBUG] debug-file - End initialize module-target build option map, moduleName=entry
[2026-09-07T06:59:37.853] [DEBUG] debug-file - Start initialize module-target build option map, moduleName=entry, buildMode=debug
[2026-09-07T06:59:37.853] [DEBUG] debug-file - Target 'default' config initialized
[2026-09-07T06:59:37.853] [DEBUG] debug-file - Target 'ohosTest' config initialized
[2026-09-07T06:59:37.854] [DEBUG] debug-file - Module 'entry' target 'default' build option initialized
[2026-09-07T06:59:37.854] [DEBUG] debug-file - Module 'entry' target 'ohosTest' build option initialized
[2026-09-07T06:59:37.854] [DEBUG] debug-file - End initialize module-target build option map, moduleName=entry
[2026-09-07T06:59:37.854] [DEBUG] debug-file - Obtain build option for module 'entry' target 'default'in this build.
[2026-09-07T06:59:37.867] [DEBUG] debug-file - Module entry task initialization takes 7 ms 
[2026-09-07T06:59:37.867] [DEBUG] debug-file - Hap plugin register hook start...
[2026-09-07T06:59:37.868] [DEBUG] debug-file - Hap plugin register hook end...
[2026-09-07T06:59:37.868] [DEBUG] debug-file - Plugin build process completed
[2026-09-07T06:59:37.868] [DEBUG] debug-file - hvigorfile, begin to bind custom plugins...
[2026-09-07T06:59:37.869] [DEBUG] debug-file - hvigorfile, no custom plugins were found in E:\iKnow\iKnow-master\entry\hvigorfile.ts
[2026-09-07T06:59:37.869] [DEBUG] debug-file - hvigorfile, resolve finished E:\iKnow\iKnow-master\entry\hvigorfile.ts
[2026-09-07T06:59:38.112] [DEBUG] debug-file - hvigorfile, resolve hvigorfile dependencies in 243 ms 
[2026-09-07T06:59:38.112] [DEBUG] debug-file - project has submodules:entry
[2026-09-07T06:59:38.117] [DEBUG] debug-file - start to load updatedOhPackageInfo to the disk
[2026-09-07T06:59:38.128] [DEBUG] debug-file - load to the disk finished
[2026-09-07T06:59:38.133] [DEBUG] debug-file - Start to initialize dependency information.
[2026-09-07T06:59:38.137] [DEBUG] debug-file - Module iKnow-master Collected Dependency: 
[2026-09-07T06:59:38.138] [DEBUG] debug-file - Module iKnow-master's total dependency: 0
[2026-09-07T06:59:38.139] [DEBUG] debug-file - Start to initialize dependency information.
[2026-09-07T06:59:38.146] [DEBUG] debug-file - Module entry Collected Dependency: 
[2026-09-07T06:59:38.146] [DEBUG] debug-file - Module entry's total dependency: 0
[2026-09-07T06:59:38.158] [DEBUG] debug-file - Configuration phase cost:550 ms 
[2026-09-07T06:59:38.161] [DEBUG] debug-file - Configuration task cost before running: 609 ms 
[2026-09-07T06:59:38.179] [DEBUG] debug-file - Executing task :entry:default@PreBuild
[2026-09-07T06:59:38.182] [WARN] debug-file - The project has not explicitly set the 'targetSdkVersion' version at build-profile.json5. It is recommended to configure it. Reference: https://developer.huawei.com/consumer/cn/doc/harmonyos-guides/ide-hvigor-build-profile-app#section45865492619
[2026-09-07T06:59:38.187] [DEBUG] debug-file - Task 'entry:default@PreBuild' cost while wrapping incremental declarations: 1 ms 
[2026-09-07T06:59:38.197] [DEBUG] debug-file - entry:default@PreBuild is not up-to-date, since the task snapshots are different.
[2026-09-07T06:59:38.198] [DEBUG] debug-file - Incremental task entry:default@PreBuild pre-execution cost: 8 ms .
[2026-09-07T06:59:38.211] [DEBUG] debug-file - current product is not Atomic service.
[2026-09-07T06:59:38.211] [DEBUG] debug-file - Use tool [win32: JAVA_HOME, CLASSPATH]
 [
  { JAVA_HOME: 'C:\\Program Files\\Huawei\\DevEco Studio\\jbr' },
  { CLASSPATH: undefined }
]
[2026-09-07T06:59:38.211] [DEBUG] debug-file - Use tool [win32: NODE_HOME]
 [
  {
    NODE_HOME: 'C:\\Program Files\\Huawei\\DevEco Studio\\tools\\node'
  }
]
[2026-09-07T06:59:38.211] [DEBUG] debug-file - entry : default@PreBuild cost memory 0.8302536010742188
[2026-09-07T06:59:38.211] [DEBUG] debug-file - runTaskFromQueue task cost before running: 660 ms 
[2026-09-07T06:59:38.214] [INFO] debug-file - Finished :entry:default@PreBuild... after 33 ms 
[2026-09-07T06:59:38.216] [DEBUG] debug-file - Executing task :entry:default@CreateModuleInfo
[2026-09-07T06:59:38.216] [DEBUG] debug-file - Task 'entry:default@CreateModuleInfo' cost while wrapping incremental declarations: 1 ms 
[2026-09-07T06:59:38.216] [DEBUG] debug-file - entry : default@CreateModuleInfo cost memory 0.0413360595703125
[2026-09-07T06:59:38.216] [DEBUG] debug-file - runTaskFromQueue task cost before running: 665 ms 
[2026-09-07T06:59:38.216] [INFO] debug-file - Finished :entry:default@CreateModuleInfo... after 1 ms 
[2026-09-07T06:59:38.218] [DEBUG] debug-file - Executing task :entry:default@GenerateMetadata
[2026-09-07T06:59:38.219] [DEBUG] debug-file - Task 'entry:default@GenerateMetadata' cost while wrapping incremental declarations: 1 ms 
[2026-09-07T06:59:38.222] [DEBUG] debug-file - Incremental task entry:default@GenerateMetadata pre-execution cost: 4 ms .
[2026-09-07T06:59:38.222] [DEBUG] debug-file - entry : default@GenerateMetadata cost memory 0.09836578369140625
[2026-09-07T06:59:38.223] [INFO] debug-file - UP-TO-DATE :entry:default@GenerateMetadata...  
[2026-09-07T06:59:38.224] [DEBUG] debug-file - Executing task :entry:default@ConfigureCmake
[2026-09-07T06:59:38.224] [DEBUG] debug-file - entry : default@ConfigureCmake cost memory 0.01432037353515625
[2026-09-07T06:59:38.224] [DEBUG] debug-file - runTaskFromQueue task cost before running: 673 ms 
[2026-09-07T06:59:38.224] [INFO] debug-file - Finished :entry:default@ConfigureCmake... after 1 ms 
[2026-09-07T06:59:38.226] [DEBUG] debug-file - Executing task :entry:default@MergeProfile
[2026-09-07T06:59:38.226] [DEBUG] debug-file - Task 'entry:default@MergeProfile' cost while wrapping incremental declarations: 1 ms 
[2026-09-07T06:59:38.230] [DEBUG] debug-file - Incremental task entry:default@MergeProfile pre-execution cost: 4 ms .
[2026-09-07T06:59:38.230] [DEBUG] debug-file - entry : default@MergeProfile cost memory 0.12511444091796875
[2026-09-07T06:59:38.230] [INFO] debug-file - UP-TO-DATE :entry:default@MergeProfile...  
[2026-09-07T06:59:38.232] [DEBUG] debug-file - Executing task :entry:default@CreateBuildProfile
[2026-09-07T06:59:38.233] [DEBUG] debug-file - Task 'entry:default@CreateBuildProfile' cost while wrapping incremental declarations: 1 ms 
[2026-09-07T06:59:38.237] [DEBUG] debug-file - Incremental task entry:default@CreateBuildProfile pre-execution cost: 4 ms .
[2026-09-07T06:59:38.237] [DEBUG] debug-file - entry : default@CreateBuildProfile cost memory 0.09339141845703125
[2026-09-07T06:59:38.237] [INFO] debug-file - UP-TO-DATE :entry:default@CreateBuildProfile...  
[2026-09-07T06:59:38.239] [DEBUG] debug-file - Executing task :entry:default@PreCheckSyscap
[2026-09-07T06:59:38.239] [DEBUG] debug-file - entry : default@PreCheckSyscap cost memory 0.01458740234375
[2026-09-07T06:59:38.239] [DEBUG] debug-file - runTaskFromQueue task cost before running: 688 ms 
[2026-09-07T06:59:38.239] [INFO] debug-file - Finished :entry:default@PreCheckSyscap... after 1 ms 
[2026-09-07T06:59:38.243] [DEBUG] debug-file - Executing task :entry:default@GeneratePkgContextInfo
[2026-09-07T06:59:38.245] [DEBUG] debug-file - Task 'entry:default@GeneratePkgContextInfo' cost while wrapping incremental declarations: 1 ms 
[2026-09-07T06:59:38.248] [DEBUG] debug-file - Incremental task entry:default@GeneratePkgContextInfo pre-execution cost: 3 ms .
[2026-09-07T06:59:38.248] [DEBUG] debug-file - entry : default@GeneratePkgContextInfo cost memory 0.6468505859375
[2026-09-07T06:59:38.248] [INFO] debug-file - UP-TO-DATE :entry:default@GeneratePkgContextInfo...  
[2026-09-07T06:59:38.250] [DEBUG] debug-file - Executing task :entry:default@GeneratePkgSdkInfo
[2026-09-07T06:59:38.252] [DEBUG] debug-file - Task 'entry:default@GeneratePkgSdkInfo' cost while wrapping incremental declarations: 1 ms 
[2026-09-07T06:59:38.252] [DEBUG] debug-file - entry : default@GeneratePkgSdkInfo cost memory 0.07566070556640625
[2026-09-07T06:59:38.252] [DEBUG] debug-file - runTaskFromQueue task cost before running: 701 ms 
[2026-09-07T06:59:38.253] [INFO] debug-file - Finished :entry:default@GeneratePkgSdkInfo... after 3 ms 
[2026-09-07T06:59:38.256] [DEBUG] debug-file - Executing task :entry:default@ProcessIntegratedHsp
[2026-09-07T06:59:38.256] [DEBUG] debug-file - entry:default@ProcessIntegratedHsp is not up-to-date, since the output file 'E:\iKnow\iKnow-master\build\cache\default\integrated_hsp\integratedHspCache.json' does not exist.
[2026-09-07T06:59:38.256] [DEBUG] debug-file - Incremental task entry:default@ProcessIntegratedHsp pre-execution cost: 1 ms .
[2026-09-07T06:59:38.257] [DEBUG] debug-file - entry : default@ProcessIntegratedHsp cost memory 0.0492401123046875
[2026-09-07T06:59:38.257] [DEBUG] debug-file - runTaskFromQueue task cost before running: 705 ms 
[2026-09-07T06:59:38.257] [INFO] debug-file - Finished :entry:default@ProcessIntegratedHsp... after 1 ms 
[2026-09-07T06:59:38.259] [DEBUG] debug-file - Executing task :entry:default@BuildNativeWithCmake
[2026-09-07T06:59:38.259] [DEBUG] debug-file - entry : default@BuildNativeWithCmake cost memory 0.03491973876953125
[2026-09-07T06:59:38.259] [DEBUG] debug-file - runTaskFromQueue task cost before running: 708 ms 
[2026-09-07T06:59:38.259] [INFO] debug-file - Finished :entry:default@BuildNativeWithCmake... after 1 ms 
[2026-09-07T06:59:38.262] [DEBUG] debug-file - Executing task :entry:default@MakePackInfo
[2026-09-07T06:59:38.271] [DEBUG] debug-file - Incremental task entry:default@MakePackInfo pre-execution cost: 4 ms .
[2026-09-07T06:59:38.272] [DEBUG] debug-file - entry : default@MakePackInfo cost memory -3.2675323486328125
[2026-09-07T06:59:38.272] [INFO] debug-file - UP-TO-DATE :entry:default@MakePackInfo...  
[2026-09-07T06:59:38.275] [DEBUG] debug-file - Executing task :entry:default@SyscapTransform
[2026-09-07T06:59:38.275] [DEBUG] debug-file - File: 'E:\iKnow\iKnow-master\entry\src\main\syscap.json' from 'sysCapJsonPath' is not exists, just ignore.
[2026-09-07T06:59:38.276] [DEBUG] debug-file - Task 'entry:default@SyscapTransform' cost while wrapping incremental declarations: 1 ms 
[2026-09-07T06:59:38.277] [DEBUG] debug-file - entry:default@SyscapTransform is not up-to-date, since the output file 'E:\iKnow\iKnow-master\entry\build\default\intermediates\syscap\default\rpcid.sc' does not exist.
[2026-09-07T06:59:38.277] [DEBUG] debug-file - Incremental task entry:default@SyscapTransform pre-execution cost: 1 ms .
[2026-09-07T06:59:38.277] [DEBUG] debug-file - entry : default@SyscapTransform cost memory 0.11212921142578125
[2026-09-07T06:59:38.277] [DEBUG] debug-file - runTaskFromQueue task cost before running: 726 ms 
[2026-09-07T06:59:38.277] [INFO] debug-file - Finished :entry:default@SyscapTransform... after 2 ms 
[2026-09-07T06:59:38.279] [DEBUG] debug-file - Executing task :entry:default@ProcessProfile
[2026-09-07T06:59:38.283] [DEBUG] debug-file - Task 'entry:default@ProcessProfile' cost while wrapping incremental declarations: 1 ms 
[2026-09-07T06:59:38.289] [DEBUG] debug-file - Incremental task entry:default@ProcessProfile pre-execution cost: 6 ms .
[2026-09-07T06:59:38.290] [DEBUG] debug-file - entry : default@ProcessProfile cost memory 0.112060546875
[2026-09-07T06:59:38.290] [INFO] debug-file - UP-TO-DATE :entry:default@ProcessProfile...  
[2026-09-07T06:59:38.293] [DEBUG] debug-file - Executing task :entry:default@ProcessRouterMap
[2026-09-07T06:59:38.308] [DEBUG] debug-file - Incremental task entry:default@ProcessRouterMap pre-execution cost: 14 ms .
[2026-09-07T06:59:38.308] [DEBUG] debug-file - entry : default@ProcessRouterMap cost memory 0.12978363037109375
[2026-09-07T06:59:38.310] [INFO] debug-file - UP-TO-DATE :entry:default@ProcessRouterMap...  
[2026-09-07T06:59:38.317] [DEBUG] debug-file - Executing task :entry:default@ProcessShareConfig
[2026-09-07T06:59:38.328] [DEBUG] debug-file - Incremental task entry:default@ProcessShareConfig pre-execution cost: 10 ms .
[2026-09-07T06:59:38.328] [DEBUG] debug-file - entry : default@ProcessShareConfig cost memory 0.10991668701171875
[2026-09-07T06:59:38.330] [INFO] debug-file - UP-TO-DATE :entry:default@ProcessShareConfig...  
[2026-09-07T06:59:38.332] [DEBUG] debug-file - Executing task :entry:default@ProcessStartupConfig
[2026-09-07T06:59:38.332] [DEBUG] debug-file - Task 'entry:default@ProcessStartupConfig' cost while wrapping incremental declarations: 1 ms 
[2026-09-07T06:59:38.340] [DEBUG] debug-file - entry:default@ProcessStartupConfig is not up-to-date, since the output file 'E:\iKnow\iKnow-master\entry\build\default\intermediates\startup\default\startup_config.json' does not exist.
[2026-09-07T06:59:38.340] [DEBUG] debug-file - Incremental task entry:default@ProcessStartupConfig pre-execution cost: 7 ms .
[2026-09-07T06:59:38.342] [DEBUG] debug-file - entry : default@ProcessStartupConfig cost memory 0.101409912109375
[2026-09-07T06:59:38.342] [DEBUG] debug-file - runTaskFromQueue task cost before running: 791 ms 
[2026-09-07T06:59:38.344] [INFO] debug-file - Finished :entry:default@ProcessStartupConfig... after 11 ms 
[2026-09-07T06:59:38.347] [DEBUG] debug-file - Executing task :entry:default@BuildNativeWithNinja
[2026-09-07T06:59:38.347] [DEBUG] debug-file - entry : default@BuildNativeWithNinja cost memory 0.0189666748046875
[2026-09-07T06:59:38.348] [DEBUG] debug-file - runTaskFromQueue task cost before running: 796 ms 
[2026-09-07T06:59:38.348] [INFO] debug-file - Finished :entry:default@BuildNativeWithNinja... after 1 ms 
[2026-09-07T06:59:38.350] [DEBUG] debug-file - restool module names: entry; moduleName=entry, taskName=default@ProcessResource
[2026-09-07T06:59:38.353] [DEBUG] debug-file - Executing task :entry:default@ProcessResource
[2026-09-07T06:59:38.353] [DEBUG] debug-file - Task 'entry:default@ProcessResource' cost while wrapping incremental declarations: 1 ms 
[2026-09-07T06:59:38.360] [DEBUG] debug-file - Incremental task entry:default@ProcessResource pre-execution cost: 7 ms .
[2026-09-07T06:59:38.361] [DEBUG] debug-file - entry : default@ProcessResource cost memory 0.126220703125
[2026-09-07T06:59:38.365] [INFO] debug-file - UP-TO-DATE :entry:default@ProcessResource...  
[2026-09-07T06:59:38.368] [DEBUG] debug-file - Executing task :entry:default@GenerateLoaderJson
[2026-09-07T06:59:38.371] [DEBUG] debug-file - Task 'entry:default@GenerateLoaderJson' cost while wrapping incremental declarations: 1 ms 
[2026-09-07T06:59:38.418] [DEBUG] debug-file - Incremental task entry:default@GenerateLoaderJson pre-execution cost: 33 ms .
[2026-09-07T06:59:38.418] [DEBUG] debug-file - entry : default@GenerateLoaderJson cost memory 0.43418121337890625
[2026-09-07T06:59:38.432] [INFO] debug-file - UP-TO-DATE :entry:default@GenerateLoaderJson...  
[2026-09-07T06:59:38.434] [DEBUG] debug-file - Executing task :entry:default@ProcessLibs
[2026-09-07T06:59:38.434] [DEBUG] debug-file - Task 'entry:default@ProcessLibs' cost while wrapping incremental declarations: 1 ms 
[2026-09-07T06:59:38.439] [DEBUG] debug-file - Incremental task entry:default@ProcessLibs pre-execution cost: 5 ms .
[2026-09-07T06:59:38.439] [DEBUG] debug-file - entry : default@ProcessLibs cost memory 0.09156036376953125
[2026-09-07T06:59:38.440] [INFO] debug-file - UP-TO-DATE :entry:default@ProcessLibs...  
[2026-09-07T06:59:38.442] [DEBUG] debug-file - restool module names: entry; moduleName=entry, taskName=default@CompileResource
[2026-09-07T06:59:38.442] [DEBUG] debug-file - Executing task :entry:default@CompileResource
[2026-09-07T06:59:38.517] [DEBUG] debug-file - Incremental task entry:default@CompileResource pre-execution cost: 68 ms .
[2026-09-07T06:59:38.517] [DEBUG] debug-file - entry : default@CompileResource cost memory 0.3730621337890625
[2026-09-07T06:59:38.525] [INFO] debug-file - UP-TO-DATE :entry:default@CompileResource...  
[2026-09-07T06:59:38.527] [DEBUG] debug-file - Executing task :entry:default@DoNativeStrip
[2026-09-07T06:59:38.527] [DEBUG] debug-file - File: 'E:\iKnow\iKnow-master\entry\build\default\intermediates\binxo\default' from 'doBinxoNativeLibs' is not exists, just ignore.
[2026-09-07T06:59:38.528] [DEBUG] debug-file - Task 'entry:default@DoNativeStrip' cost while wrapping incremental declarations: 2 ms 
[2026-09-07T06:59:38.535] [DEBUG] debug-file - Incremental task entry:default@DoNativeStrip pre-execution cost: 7 ms .
[2026-09-07T06:59:38.535] [DEBUG] debug-file - entry : default@DoNativeStrip cost memory 0.0734710693359375
[2026-09-07T06:59:38.536] [INFO] debug-file - UP-TO-DATE :entry:default@DoNativeStrip...  
[2026-09-07T06:59:38.541] [DEBUG] debug-file - Executing task :entry:default@CompileArkTS
[2026-09-07T06:59:38.541] [DEBUG] debug-file - obfuscationOptions: undefined
[2026-09-07T06:59:38.544] [DEBUG] debug-file - Task 'entry:default@CompileArkTS' cost while wrapping incremental declarations: 1 ms 
[2026-09-07T06:59:38.618] [DEBUG] debug-file - Incremental task entry:default@CompileArkTS pre-execution cost: 66 ms .
[2026-09-07T06:59:38.618] [DEBUG] debug-file - entry : default@CompileArkTS cost memory 0.6698532104492188
[2026-09-07T06:59:38.626] [INFO] debug-file - UP-TO-DATE :entry:default@CompileArkTS...  
[2026-09-07T06:59:38.630] [DEBUG] debug-file - Executing task :entry:default@BuildJS
[2026-09-07T06:59:38.630] [DEBUG] debug-file - Task 'entry:default@BuildJS' cost while wrapping incremental declarations: 1 ms 
[2026-09-07T06:59:38.644] [DEBUG] debug-file - entry : default@BuildJS cost memory 0.13072967529296875
[2026-09-07T06:59:38.644] [DEBUG] debug-file - runTaskFromQueue task cost before running: 1 s 93 ms 
[2026-09-07T06:59:38.645] [INFO] debug-file - Finished :entry:default@BuildJS... after 15 ms 
[2026-09-07T06:59:38.648] [DEBUG] debug-file - Executing task :entry:default@CacheNativeLibs
[2026-09-07T06:59:38.649] [DEBUG] debug-file - File: 'E:\iKnow\iKnow-master\entry\build\default\intermediates\binxo\default' from 'cacheBinxoNativeLibs' is not exists, just ignore.
[2026-09-07T06:59:38.651] [DEBUG] debug-file - Task 'entry:default@CacheNativeLibs' cost while wrapping incremental declarations: 3 ms 
[2026-09-07T06:59:38.664] [DEBUG] debug-file - Incremental task entry:default@CacheNativeLibs pre-execution cost: 14 ms .
[2026-09-07T06:59:38.664] [DEBUG] debug-file - entry : default@CacheNativeLibs cost memory 0.0847015380859375
[2026-09-07T06:59:38.664] [INFO] debug-file - UP-TO-DATE :entry:default@CacheNativeLibs...  
[2026-09-07T06:59:38.667] [DEBUG] debug-file - Executing task :entry:default@GeneratePkgModuleJson
[2026-09-07T06:59:38.669] [DEBUG] debug-file - File: 'E:\iKnow\iKnow-master\entry\build\default\intermediates\preload\default\preload.json' from 'preloadSoJsonPath' is not exists, just ignore.
[2026-09-07T06:59:38.669] [DEBUG] debug-file - Error occurs while handling @Input 'shouldDeduplicateHar': The "data" argument must be of type string or an instance of Buffer, TypedArray, or DataView. Received undefined
[2026-09-07T06:59:38.670] [DEBUG] debug-file - Task 'entry:default@GeneratePkgModuleJson' cost while wrapping incremental declarations: 3 ms 
[2026-09-07T06:59:38.675] [DEBUG] debug-file - Incremental task entry:default@GeneratePkgModuleJson pre-execution cost: 6 ms .
[2026-09-07T06:59:38.676] [DEBUG] debug-file - entry : default@GeneratePkgModuleJson cost memory 0.09209442138671875
[2026-09-07T06:59:38.676] [INFO] debug-file - UP-TO-DATE :entry:default@GeneratePkgModuleJson...  
[2026-09-07T06:59:38.678] [DEBUG] debug-file - Executing task :entry:default@ProcessCompiledResources
[2026-09-07T06:59:38.679] [DEBUG] debug-file - File: 'E:\iKnow\iKnow-master\entry\build\default\intermediates\preload\default\preload.json' from 'preloadSoJsonPath' is not exists, just ignore.
[2026-09-07T06:59:38.679] [DEBUG] debug-file - Task 'entry:default@ProcessCompiledResources' cost while wrapping incremental declarations: 1 ms 
[2026-09-07T06:59:38.679] [DEBUG] debug-file - entry : default@ProcessCompiledResources cost memory 0.05182647705078125
[2026-09-07T06:59:38.679] [DEBUG] debug-file - runTaskFromQueue task cost before running: 1 s 128 ms 
[2026-09-07T06:59:38.679] [INFO] debug-file - Finished :entry:default@ProcessCompiledResources... after 2 ms 
[2026-09-07T06:59:38.683] [DEBUG] debug-file - Executing task :entry:default@PackageHap
[2026-09-07T06:59:38.781] [DEBUG] debug-file - Incremental task entry:default@PackageHap pre-execution cost: 84 ms .
[2026-09-07T06:59:38.781] [DEBUG] debug-file - entry : default@PackageHap cost memory 0.27216339111328125
[2026-09-07T06:59:38.794] [INFO] debug-file - UP-TO-DATE :entry:default@PackageHap...  
[2026-09-07T06:59:38.798] [DEBUG] debug-file - Executing task :entry:default@PackingCheck
[2026-09-07T06:59:38.809] [DEBUG] debug-file - entry : default@PackingCheck cost memory 0.41754150390625
[2026-09-07T06:59:38.809] [DEBUG] debug-file - runTaskFromQueue task cost before running: 1 s 258 ms 
[2026-09-07T06:59:38.809] [INFO] debug-file - Finished :entry:default@PackingCheck... after 12 ms 
[2026-09-07T06:59:38.811] [DEBUG] debug-file - Executing task :entry:default@SignHap
[2026-09-07T06:59:38.811] [WARN] debug-file - Will skip sign 'hos_hap'. No signingConfigs profile is configured in current project.
             If needed, configure the signingConfigs in E:\iKnow\iKnow-master\build-profile.json5.
[2026-09-07T06:59:38.819] [DEBUG] debug-file - entry:default@SignHap is not up-to-date, since the output file 'E:\iKnow\iKnow-master\entry\build\default\outputs\default\entry-default-signed.hap' does not exist.
[2026-09-07T06:59:38.819] [DEBUG] debug-file - Incremental task entry:default@SignHap pre-execution cost: 6 ms .
[2026-09-07T06:59:38.820] [DEBUG] debug-file - entry : default@SignHap cost memory 0.0814208984375
[2026-09-07T06:59:38.820] [DEBUG] debug-file - runTaskFromQueue task cost before running: 1 s 269 ms 
[2026-09-07T06:59:38.822] [INFO] debug-file - Finished :entry:default@SignHap... after 9 ms 
[2026-09-07T06:59:38.823] [DEBUG] debug-file - Executing task :entry:default@CollectDebugSymbol
[2026-09-07T06:59:38.829] [DEBUG] debug-file - entry : default@CollectDebugSymbol cost memory 0.0779876708984375
[2026-09-07T06:59:38.829] [DEBUG] debug-file - runTaskFromQueue task cost before running: 1 s 277 ms 
[2026-09-07T06:59:38.829] [INFO] debug-file - Finished :entry:default@CollectDebugSymbol... after 6 ms 
[2026-09-07T06:59:38.829] [DEBUG] debug-file - Executing task :entry:assembleHap
[2026-09-07T06:59:38.829] [DEBUG] debug-file - entry : assembleHap cost memory 0.01456451416015625
[2026-09-07T06:59:38.829] [DEBUG] debug-file - runTaskFromQueue task cost before running: 1 s 278 ms 
[2026-09-07T06:59:38.829] [INFO] debug-file - Finished :entry:assembleHap... after 1 ms 
[2026-09-07T06:59:38.830] [INFO] debug-file - BUILD SUCCESSFUL in 1 s 278 ms 
[2026-09-07T06:59:38.831] [DEBUG] debug-file - Update task entry:default@PreBuild input file:E:\iKnow\iKnow-master\AppScope\app.json5 cache by regenerate.
[2026-09-07T06:59:38.831] [DEBUG] debug-file - Update task entry:default@PreBuild input file:E:\iKnow\iKnow-master\entry\src\main\module.json5 cache by regenerate.
[2026-09-07T06:59:38.831] [DEBUG] debug-file - Update task entry:default@PreBuild input file:E:\iKnow\iKnow-master\build-profile.json5 cache by regenerate.
[2026-09-07T06:59:38.832] [DEBUG] debug-file - Update task entry:default@PreBuild input file:E:\iKnow\iKnow-master\entry\build-profile.json5 cache by regenerate.
[2026-09-07T06:59:38.832] [DEBUG] debug-file - Update task entry:default@PreBuild input file:E:\iKnow\iKnow-master\entry\src\main\resources\base\profile\main_pages.json cache by regenerate.
[2026-09-07T06:59:38.832] [DEBUG] debug-file - Update task entry:default@PreBuild input file:E:\iKnow\iKnow-master\hvigor\hvigor-config.json5 cache by regenerate.
[2026-09-07T06:59:38.832] [DEBUG] debug-file - Update task entry:default@PreBuild input file:E:\iKnow\iKnow-master\entry\oh-package.json5 cache by regenerate.
[2026-09-07T06:59:38.832] [DEBUG] debug-file - Update task entry:default@PreBuild input file:E:\iKnow\iKnow-master\oh-package.json5 cache by regenerate.
[2026-09-07T06:59:38.833] [DEBUG] debug-file - Incremental task entry:default@PreBuild post-execution cost:3 ms .
[2026-09-07T06:59:38.833] [DEBUG] debug-file - Update task entry:default@CreateModuleInfo output file:E:\iKnow\iKnow-master\entry\build\default\generated\profile\default\ModuleInfo.ts cache.
[2026-09-07T06:59:38.833] [DEBUG] debug-file - Incremental task entry:default@CreateModuleInfo post-execution cost:1 ms .
[2026-09-07T06:59:38.833] [DEBUG] debug-file - There is no need to refresh cache, since the incremental task entry:default@GenerateMetadata is up-to-date.
[2026-09-07T06:59:38.833] [DEBUG] debug-file - There is no need to refresh cache, since the incremental task entry:default@MergeProfile is up-to-date.
[2026-09-07T06:59:38.833] [DEBUG] debug-file - There is no need to refresh cache, since the incremental task entry:default@CreateBuildProfile is up-to-date.
[2026-09-07T06:59:38.833] [DEBUG] debug-file - There is no need to refresh cache, since the incremental task entry:default@GeneratePkgContextInfo is up-to-date.
[2026-09-07T06:59:38.833] [DEBUG] debug-file - Update task entry:default@GeneratePkgSdkInfo output file:E:\iKnow\iKnow-master\entry\build\default\intermediates\loader\default\pkgSdkInfo.json cache.
[2026-09-07T06:59:38.833] [DEBUG] debug-file - Incremental task entry:default@GeneratePkgSdkInfo post-execution cost:1 ms .
[2026-09-07T06:59:38.833] [DEBUG] debug-file - Update task entry:default@ProcessIntegratedHsp output file:E:\iKnow\iKnow-master\build\cache\default\integrated_hsp\integratedHspCache.json cache.
[2026-09-07T06:59:38.834] [DEBUG] debug-file - Incremental task entry:default@ProcessIntegratedHsp post-execution cost:1 ms .
[2026-09-07T06:59:38.834] [DEBUG] debug-file - There is no need to refresh cache, since the incremental task entry:default@MakePackInfo is up-to-date.
[2026-09-07T06:59:38.834] [DEBUG] debug-file - Update task entry:default@SyscapTransform input file:C:\Program Files\Huawei\DevEco Studio\sdk\default\openharmony\toolchains\syscap_tool.exe cache by regenerate.
[2026-09-07T06:59:38.834] [DEBUG] debug-file - Update task entry:default@SyscapTransform input file:C:\Program Files\Huawei\DevEco Studio\sdk\default\openharmony\ets\api\device-define cache by regenerate.
[2026-09-07T06:59:38.834] [DEBUG] debug-file - Update task entry:default@SyscapTransform output file:E:\iKnow\iKnow-master\entry\build\default\intermediates\syscap\default\rpcid.sc cache.
[2026-09-07T06:59:38.835] [DEBUG] debug-file - Incremental task entry:default@SyscapTransform post-execution cost:2 ms .
[2026-09-07T06:59:38.835] [DEBUG] debug-file - There is no need to refresh cache, since the incremental task entry:default@ProcessProfile is up-to-date.
[2026-09-07T06:59:38.835] [DEBUG] debug-file - There is no need to refresh cache, since the incremental task entry:default@ProcessRouterMap is up-to-date.
[2026-09-07T06:59:38.835] [DEBUG] debug-file - There is no need to refresh cache, since the incremental task entry:default@ProcessShareConfig is up-to-date.
[2026-09-07T06:59:38.836] [DEBUG] debug-file - Update task entry:default@ProcessStartupConfig input file:E:\iKnow\iKnow-master\entry\build\default\intermediates\loader\default\pkgContextInfo.json cache by regenerate.
[2026-09-07T06:59:38.838] [DEBUG] debug-file - Update task entry:default@ProcessStartupConfig output file:E:\iKnow\iKnow-master\entry\build\default\intermediates\startup\default\startup_config.json cache.
[2026-09-07T06:59:38.838] [DEBUG] debug-file - Incremental task entry:default@ProcessStartupConfig post-execution cost:3 ms .
[2026-09-07T06:59:38.838] [DEBUG] debug-file - There is no need to refresh cache, since the incremental task entry:default@ProcessResource is up-to-date.
[2026-09-07T06:59:38.838] [DEBUG] debug-file - There is no need to refresh cache, since the incremental task entry:default@GenerateLoaderJson is up-to-date.
[2026-09-07T06:59:38.838] [DEBUG] debug-file - There is no need to refresh cache, since the incremental task entry:default@ProcessLibs is up-to-date.
[2026-09-07T06:59:38.838] [DEBUG] debug-file - There is no need to refresh cache, since the incremental task entry:default@CompileResource is up-to-date.
[2026-09-07T06:59:38.838] [DEBUG] debug-file - There is no need to refresh cache, since the incremental task entry:default@DoNativeStrip is up-to-date.
[2026-09-07T06:59:38.838] [DEBUG] debug-file - There is no need to refresh cache, since the incremental task entry:default@CompileArkTS is up-to-date.
[2026-09-07T06:59:38.844] [DEBUG] debug-file - Update task entry:default@BuildJS input file:E:\iKnow\iKnow-master\entry\build\default\intermediates\loader\default cache by regenerate.
[2026-09-07T06:59:38.849] [DEBUG] debug-file - Update task entry:default@BuildJS input file:E:\iKnow\iKnow-master\entry\build\default\intermediates\res\default\ResourceTable.txt cache by regenerate.
[2026-09-07T06:59:38.851] [DEBUG] debug-file - Update task entry:default@BuildJS input file:E:\iKnow\iKnow-master\entry\build\default\intermediates\res\default\ark_module.json cache by regenerate.
[2026-09-07T06:59:38.852] [DEBUG] debug-file - Update task entry:default@BuildJS input file:E:\iKnow\iKnow-master\entry\build\default\intermediates\res\default\resources\base\profile cache by regenerate.
[2026-09-07T06:59:38.856] [DEBUG] debug-file - Update task entry:default@BuildJS input file:E:\iKnow\iKnow-master\entry\build\default\intermediates\loader\default\pkgContextInfo.json cache by regenerate.
[2026-09-07T06:59:38.858] [DEBUG] debug-file - Update task entry:default@BuildJS output file:E:\iKnow\iKnow-master\entry\build\default\intermediates\loader_out\default\js cache.
[2026-09-07T06:59:38.858] [DEBUG] debug-file - Incremental task entry:default@BuildJS post-execution cost:21 ms .
[2026-09-07T06:59:38.858] [DEBUG] debug-file - There is no need to refresh cache, since the incremental task entry:default@CacheNativeLibs is up-to-date.
[2026-09-07T06:59:38.858] [DEBUG] debug-file - There is no need to refresh cache, since the incremental task entry:default@GeneratePkgModuleJson is up-to-date.
[2026-09-07T06:59:38.858] [DEBUG] debug-file - Incremental task entry:default@ProcessCompiledResources post-execution cost:1 ms .
[2026-09-07T06:59:38.858] [DEBUG] debug-file - There is no need to refresh cache, since the incremental task entry:default@PackageHap is up-to-date.
[2026-09-07T06:59:38.860] [DEBUG] debug-file - Update task entry:default@SignHap input file:E:\iKnow\iKnow-master\entry\build\default\outputs\default\entry-default-unsigned.hap cache by regenerate.
[2026-09-07T06:59:38.861] [DEBUG] debug-file - Update task entry:default@SignHap output file:E:\iKnow\iKnow-master\entry\build\default\outputs\default\entry-default-signed.hap cache.
[2026-09-07T06:59:38.862] [DEBUG] debug-file - Incremental task entry:default@SignHap post-execution cost:4 ms .
[2026-09-07T06:59:38.865] [DEBUG] debug-file - Update task entry:default@CollectDebugSymbol input file:E:\iKnow\iKnow-master\entry\build\default\intermediates\loader_out\default\ets\sourceMaps.map cache by regenerate.
[2026-09-07T06:59:38.866] [DEBUG] debug-file - Update task entry:default@CollectDebugSymbol input file:E:\iKnow\iKnow-master\entry\build\default\intermediates\libs\default cache by regenerate.
[2026-09-07T06:59:38.870] [DEBUG] debug-file - Update task entry:default@CollectDebugSymbol output file:E:\iKnow\iKnow-master\entry\build\default\outputs\default\symbol cache.
[2026-09-07T06:59:38.871] [DEBUG] debug-file - Incremental task entry:default@CollectDebugSymbol post-execution cost:9 ms .
[2026-09-07T06:59:39.630] [DEBUG] debug-file - hvigor build process will be closed.
[2026-09-07T06:59:39.643] [DEBUG] debug-file - session manager: send message to worker process.
[2026-09-07T06:59:39.643] [DEBUG] debug-file - session manager: send message to worker process.
[2026-09-07T06:59:39.666] [DEBUG] debug-file - watch worker: worker id should be larger than 0. Nothing will be sent to any worker thread.
[2026-09-07T06:59:39.669] [DEBUG] debug-file - watch worker: worker id should be larger than 0. Nothing will be sent to any worker thread.
